DELIVERY_DATE,HOUR_ENDING,ACTUAL_SYSTEM_WIDE,COP_HSL_SYSTEM_WIDE,STWPF_SYSTEM_WIDE,WGRPP_SYSTEM_WIDE,ACTUAL_LZ_SOUTH_HOUSTON,COP_HSL_LZ_SOUTH_HOUSTON,STWPF_LZ_SOUTH_HOUSTON,WGRPP_LZ_SOUTH_HOUSTON,ACTUAL_LZ_WEST,COP_HSL_LZ_WEST,STWPF_LZ_WEST,WGRPP_LZ_WEST,ACTUAL_LZ_NORTH,COP_HSL_LZ_NORTH,STWPF_LZ_NORTH,WGRPP_LZ_NORTH,DSTFlag
03/05/2024,01,10493.29,11033.6,10829.2,6773.2,2292.88,1572.7,2412.6,1599.9,7170.24,8224.3,7401.7,4547.3,1030.17,1236.6,1014.9,626,N
03/05/2024,02,8976.09,9550.4,9396.3,5782.9,1772.88,1518.9,1926.1,1211.6,6199.51,7079.5,6453.7,3940,1003.7,952,1016.5,631.3,N
03/05/2024,03,6936.38,8359.3,7171.5,4273.8,1226.83,1673.7,1197.8,693.3,4793.91,5839.1,5038.2,3016.5,915.64,846.5,935.5,564,N
03/05/2024,04,5285.92,6909.8,5529.5,3113.2,733.41,1026.2,744.7,400.1,3773.57,5050.9,3986.3,2251.2,778.94,832.7,798.5,461.9,N
03/05/2024,05,4529.5,5659.5,4736.5,2546,421.27,500.9,458.5,219.5,3304.4,4300.7,3469.8,1869.1,803.83,857.9,808.2,457.4,N
03/05/2024,06,5189.83,5899.4,5148.8,2778,270.29,356.2,258.4,121,4024.47,4700.7,4001.4,2146.1,895.07,842.5,889,510.9,N
03/05/2024,07,6046.83,6323.4,6222.7,3490.8,264.29,281,280,129.4,4853.47,5242.3,5016.8,2818.7,929.07,800.1,925.9,542.7,N
03/05/2024,08,6678.38,7054.2,6712.1,3890.2,175.54,219.8,177.3,78.8,5478.5,5867.9,5497.7,3147.3,1024.34,966.5,1037.1,664.1,N
03/05/2024,09,5495.42,6156.9,5845.7,3319,127.57,219,136.9,59.6,4568.04,5025.3,4862.8,2720.9,799.81,912.6,846,538.5,N
03/05/2024,10,3450.45,4179,3531.4,1781.5,95.31,103.4,91.2,39.7,2871.04,3384.7,2949.5,1481.1,484.1,690.9,490.7,260.7,N
03/05/2024,11,3943.59,3438.8,3887,2096.3,174.87,90.5,152.6,69.6,3324.91,2948.6,3316.7,1819.2,443.81,399.7,417.7,207.5,N
03/05/2024,12,4282.19,3361.2,4483.6,2526.4,224.25,94.2,225.7,109.4,3588.92,2947.5,3767.5,2158.4,469.02,319.5,490.4,258.6,N
03/05/2024,13,3889.68,4111.6,4066.5,2171.2,210.03,166.6,235.9,109.3,3333.02,3653.4,3489.4,1888.9,346.63,291.6,341.2,173,N
03/05/2024,14,3429.07,4054.3,3625.9,1893.6,107.49,203.2,115.3,47.6,2958.3,3517.4,3148.6,1654.4,363.28,333.7,362,191.6,N
03/05/2024,15,3810.88,3992.4,3794.6,1918.4,260.21,277.4,241.1,111.8,3151.51,3413.5,3156.7,1605.2,399.16,301.5,396.8,201.4,N
03/05/2024,16,4818.63,4060,4718.1,2451.6,735.42,465.4,684,367.1,3695.75,3291.3,3660.9,1899.8,387.46,303.3,373.2,184.7,N
03/05/2024,17,5638.18,4588.7,5592.6,2978.2,1261.04,967.5,1210.5,734.4,4036.38,3287.9,4045.6,2076.4,340.76,333.3,336.5,167.4,N
03/05/2024,18,6494.48,5373.3,6384.4,3509.6,1688.74,1437.1,1640,1012.5,4458.55,3603,4416.7,2332.8,347.19,333.2,327.7,164.3,N
03/05/2024,19,7557.66,7433.3,8158.8,4793.1,2198.62,1837.1,2182.5,1364.7,4807.36,5143.8,5472,3160.2,551.68,452.4,504.3,268.2,N
03/05/2024,20,9885.69,10546.8,10985.3,6870.8,2448.03,2663.7,2490.9,1603.2,6476.33,7148.5,7545.2,4686.8,961.33,734.6,949.2,580.8,N
03/05/2024,21,11319.88,12523.2,13557.2,9036.4,2606.32,2998.7,2879.6,1947.8,7549.41,8541.5,9501.2,6348.1,1164.15,983,1176.4,740.5,N
03/05/2024,22,12527.78,13900.1,14814.7,10202.6,2728.01,2888.9,3036.5,2128.8,8554.49,9685.7,10516.5,7274.6,1245.28,1325.5,1261.7,799.2,N
03/05/2024,23,12348.11,14432.9,14625.8,10148.9,2594.55,2810.6,2739.8,1915.4,8417.64,10221.7,10568.4,7413.1,1335.92,1400.6,1317.6,820.4,N
03/05/2024,24,12003.49,14281.1,14169.7,9741,2518.52,2679.9,2689.1,1887.5,8270.98,10279.1,10243.8,7077.9,1213.99,1322.1,1236.8,775.6,N
03/06/2024,01,11930.74,12753,13439.2,9012.8,2424.49,2259.3,2542.7,1754,8457.64,9292.8,9830.9,6606,1048.61,1200.9,1065.6,652.8,N
03/06/2024,02,11142.18,11440.3,12340.7,7943.1,2270,2037.4,2304.6,1569.5,7987.85,8339.6,9141.8,5824.9,884.33,1063.3,894.3,548.7,N
03/06/2024,03,9550.48,10110.9,10571.8,6557.8,1752.6,1858.2,1829.3,1188.3,7110.52,7399.6,8042.9,4963.3,687.36,853.1,699.6,406.2,N
03/06/2024,04,7355.6,8906.4,7935.9,4582.7,1183.8,1757,1230.4,724.8,5631.49,6374.9,6169.6,3553.3,540.31,774.5,535.9,304.6,N
03/06/2024,05,6137.02,7090.6,6467.2,3619.8,955.5,1378.2,938,535.6,4673.29,5173.3,5019.1,2802.2,508.23,539.1,510.1,282,N
03/06/2024,06,5141.28,5477.1,5490.6,3060.4,1074.31,973.1,1054.4,648.3,3684.09,4049.8,4032.7,2193.9,382.88,454.2,403.5,218.2,N
03/06/2024,07,3897.43,4427,4107.1,2174.6,982.86,791,961,601.8,2644.89,3272.9,2830.5,1409.1,269.68,363.1,315.6,163.7,N
03/06/2024,08,3297,3478.6,3437.7,1814.6,826.19,853.7,840.9,518.3,2283.64,2320.3,2401.7,1202.1,187.17,304.6,195.1,94.2,N
03/06/2024,09,2286.45,2271,2507.3,1224.1,568,737.8,601.2,326.7,1621.47,1379.7,1802.2,850.5,96.98,153.5,103.9,46.9,N
03/06/2024,10,1334.62,1566.9,1333.8,634.5,633.44,607.3,564.7,294.3,679.93,932.4,745.1,330.3,21.25,27.2,24,9.9,N
03/06/2024,11,2086.93,1622.3,2000.2,1040.9,1207.31,596.7,1140.2,654.6,860.64,1003.5,842,378.8,18.98,22.1,18,7.5,N
03/06/2024,12,2899.77,1750.7,2870.3,1534.7,1597.81,907.5,1564.3,925.3,1260.8,823.7,1269,595,41.16,19.5,37,14.4,N
03/06/2024,13,3947.08,3307.5,3857.8,2205.9,2222.88,1918.9,2152.2,1354.8,1641.98,1354.2,1621.3,815.6,82.22,34.4,84.3,35.5,N
03/06/2024,14,5545.89,5275.9,5579.7,3397.4,3146.42,2986.6,3184.5,2158.4,2300.1,2219.1,2289.3,1193.9,99.37,70.2,105.9,45.1,N
03/06/2024,15,7421.95,6999.2,7506.1,4785.8,3778.72,3901.3,3842.1,2712.2,3509.41,2956.9,3535.3,2018.7,133.82,141,128.7,54.9,N
03/06/2024,16,8516.89,8678.1,8833,5846.6,4102.52,4723.2,4259.8,3136.3,4132.52,3697,4294.5,2581.6,281.85,257.9,278.7,128.7,N
03/06/2024,17,8963.9,10242,9519,6419.1,4245.07,5100.4,4750.9,3618.4,4293.93,4807.8,4345.9,2596.2,424.9,333.8,422.2,204.5,N
03/06/2024,18,9652.42,11026.4,10317.9,6962.1,4485.36,5380.1,5065.8,3875.5,4575.48,5040.3,4740.3,2843.3,591.58,606,511.8,243.3,N
03/06/2024,19,9829.58,10755.8,10863.8,7314.2,4167.38,5026.2,4942.2,3788,4641.04,4893.4,4922.5,2916.8,1021.16,836.2,999.1,609.4,N
03/06/2024,20,10881.82,12710.5,11958.7,8184.1,3854.44,4806.2,4397.1,3347.3,5801.28,6713.3,6335.8,4062.1,1226.1,1191,1225.8,774.7,N
03/06/2024,21,13836.17,14323.4,15092.2,10598.1,4113.01,4616.2,4579.6,3432.4,8341.51,8177.3,9141,6263.1,1381.65,1529.9,1371.6,902.6,N
03/06/2024,22,15018,15651,16468,11717.2,4131.86,4437.3,4459.8,3298.5,9474.43,9633.3,10553.4,7424.7,1411.71,1580.4,1454.8,994,N
03/06/2024,23,17049.35,18511.3,18298.9,13363.5,4089.78,4728.7,4324.5,3186.9,11603.93,12070.8,12558.8,9172.8,1355.64,1711.8,1415.6,1003.8,N
03/06/2024,24,17395.97,18799,18665,13530,4119.24,4482.8,4258.2,3073.2,11854.56,12569.7,12934.3,9468.1,1422.17,1746.5,1472.5,988.7,N
03/07/2024,01,,20276.8,18004.4,13139.9,,4909.4,4048.8,2951.3,,13526.9,12515.6,9176.3,,1840.5,1440,1012.3,N
03/07/2024,02,,19925.9,18660.1,13450.4,,4986.5,4658.4,3461.6,,13142,12345.2,8804.7,,1797.4,1656.5,1184.1,N
03/07/2024,03,,18876.3,18935.8,13533.5,,5118.6,5118.6,3879.3,,11996.9,12056.4,8378.1,,1760.8,1760.8,1276.1,N
03/07/2024,04,,18534.6,18604.1,13266.8,,5256.9,5277.9,4035.6,,11513.8,11562.3,7934.1,,1763.9,1763.9,1297.1,N
03/07/2024,05,,17889.4,17967.5,12853.8,,5367,5390.8,4148,,10871.8,10926.1,7520.9,,1650.6,1650.6,1184.9,N
03/07/2024,06,,17334.6,17473.3,12540.4,,5377.9,5443.6,4192,,10519.3,10592.3,7369,,1437.4,1437.4,979.4,N
03/07/2024,07,,16837.7,16927.1,12084.9,,5338.5,5348.5,4075.7,,10310.3,10389.7,7239.6,,1188.9,1188.9,769.6,N
03/07/2024,08,,16017.6,16114,11449.6,,5091.3,5097.3,3822.7,,9941.5,10031.9,7019.5,,984.8,984.8,607.4,N
03/07/2024,09,,14705.2,14806.5,10248.3,,5018.1,5020.7,3746.5,,8856.4,8955.1,6003.3,,830.7,830.7,498.5,N
03/07/2024,10,,13299,13375.7,8925.3,,4951.1,4951.1,3665.8,,7516.7,7593.4,4758.3,,831.2,831.2,501.2,N
03/07/2024,11,,13149.6,13188.1,8781.2,,5157.1,5157.1,3859.4,,7132.1,7170.6,4404.1,,860.4,860.4,517.7,N
03/07/2024,12,,13277.9,13306,8861.1,,5386.4,5386.4,4135.8,,6998.7,7026.8,4194.1,,892.8,892.8,531.2,N
03/07/2024,13,,13543.2,13562.3,9061.7,,5452.4,5452.4,4237.3,,7184.7,7203.8,4292.6,,906.1,906.1,531.8,N
03/07/2024,14,,13299.3,13327.9,8780.8,,5191.6,5191.6,4041.5,,7232.9,7261.5,4238.7,,874.8,874.8,500.6,N
03/07/2024,15,,13515.5,13555.1,8946.3,,4915.3,4915.3,3871.6,,7721.7,7761.3,4585.3,,878.5,878.5,489.4,N
03/07/2024,16,,13900.8,13952.9,9282.9,,4769.2,4769.2,3780.9,,8250.2,8302.3,5013.6,,881.4,881.4,488.4,N
03/07/2024,17,,14271.9,14338.5,9554.7,,4787.2,4787.2,3772.9,,8618.5,8685.1,5288.5,,866.2,866.2,493.3,N
03/07/2024,18,,14197.7,14259.7,9313.8,,4787.6,4791.7,3674.9,,8529.5,8587.4,5144,,880.6,880.6,494.9,N
03/07/2024,19,,13494.8,13546.3,8497.6,,4756.7,4760.2,3474.9,,7871.4,7919.4,4543.3,,866.7,866.7,479.4,N
03/07/2024,20,,13931.2,13976,8715.1,,4854,4854,3455.8,,8245.5,8290.3,4778.4,,831.7,831.7,480.9,N
03/07/2024,21,,14666.9,14716,9164,,4854.2,4859.5,3442.8,,8953.4,8997.2,5216.1,,859.3,859.3,505.1,N
03/07/2024,22,,14475.2,14532.7,8995.9,,4841.9,4850.6,3437.1,,8747.9,8796.7,5055.8,,885.4,885.4,503,N
03/07/2024,23,,13824.4,13893.6,8538.4,,4845.6,4846.6,3419.5,,8033.3,8101.5,4601.3,,945.5,945.5,517.6,N
03/07/2024,24,,13492.8,13582.9,8283.3,,4713.5,4713.6,3305.9,,7761.1,7851.1,4419.9,,1018.2,1018.2,557.5,N
03/08/2024,01,,13099.1,13599.2,8196.1,,4070.8,4457.5,3064,,7961.2,8056.5,4536.7,,1067.1,1085.2,595.4,N
03/08/2024,02,,13552.4,14035,8503.2,,3707.5,4042.5,2680.8,,8791.9,8921,5247.5,,1053,1071.5,574.9,N
03/08/2024,03,,14619.4,15041.3,9484.8,,3349.9,3612,2316.3,,10280.2,10425.9,6623.8,,989.3,1003.4,544.7,N
03/08/2024,04,,15608.1,15991.4,10433.9,,2969.1,3198.2,1981.9,,11707.8,11854.7,7941.6,,931.2,938.5,510.4,N
03/08/2024,05,,16350.3,16726.4,11234.1,,2677.5,2892.4,1752.3,,12788.9,12941.5,9004.5,,883.9,892.5,477.3,N
03/08/2024,06,,17137.8,17494.1,11966.5,,2445.9,2635.2,1607.4,,13791,13949,9878.7,,900.9,909.9,480.4,N
03/08/2024,07,,17402.5,17719.4,12113.5,,2157.6,2301.9,1392.8,,14324.1,14489.2,10237.3,,920.8,928.3,483.4,N
03/08/2024,08,,17263.4,17536.8,11963.8,,2039.3,2137.1,1307.4,,14319.4,14486.5,10185.5,,904.7,913.2,470.9,N
03/08/2024,09,,17608,17876.4,12220.5,,2311.1,2399.5,1529.2,,14349.2,14517.9,10195.6,,947.7,959,495.7,N
03/08/2024,10,,18967.3,19287.3,13469.9,,2893.7,3013.7,2065.8,,14983.5,15168.4,10817.6,,1090.1,1105.2,586.5,N
03/08/2024,11,,20172.1,20584.7,14520.7,,3675.3,3887.1,2809.6,,15292.6,15470.4,11030.9,,1204.2,1227.2,680.2,N
03/08/2024,12,,20773,21282.1,15011.3,,4401,4729.5,3505.3,,15087.6,15236.6,10749.3,,1284.4,1316,756.7,N
03/08/2024,13,,21327.3,21907.6,15471.5,,4912.3,5320.7,3970.4,,15038.8,15170.6,10661,,1376.2,1416.3,840.1,N
03/08/2024,14,,21782.8,22412,15836.5,,4989,5447,4023,,15307.5,15428.2,10900.7,,1486.3,1536.8,912.8,N
03/08/2024,15,,22155.5,22781.7,16163.9,,4642.3,5100.5,3599.7,,15839.6,15951.4,11458.9,,1673.6,1729.8,1105.3,N
03/08/2024,16,,22622,23177.9,16659.3,,4131.7,4509.7,3018.5,,16589.5,16705.8,12248.6,,1900.8,1962.4,1392.2,N
03/08/2024,17,,23017,23491.1,17185.1,,3551,3835.6,2472.6,,17394,17518.9,13097.1,,2072,2136.6,1615.4,N
03/08/2024,18,,23102.9,23498.5,17357.6,,2872.2,3067.5,1898.5,,18032.8,18169.3,13698.5,,2197.9,2261.7,1760.6,N
03/08/2024,19,,22942.9,23314.8,17368.9,,2416.5,2576.7,1526.6,,18196.5,18345.4,13915.1,,2329.9,2392.7,1927.2,N
03/08/2024,20,,22867.4,23269.9,17258,,2506.8,2691.2,1600.8,,17990.9,18145.4,13681.9,,2369.7,2433.3,1975.3,N
03/08/2024,21,,22904.7,23323.7,17167.2,,2648,2844,1744.1,,17885,18044.8,13460.5,,2371.7,2434.9,1962.6,N
03/08/2024,22,,22944,23377.7,17247.8,,2621.8,2800.1,1785.5,,17927.9,18122.2,13476.2,,2394.3,2455.4,1986.1,N
03/08/2024,23,,23033.9,23403.9,17299.6,,2567,2717.2,1800.7,,18034.5,18194.3,13479.4,,2432.4,2492.4,2019.5,N
03/08/2024,24,,23209.3,23601.9,17495.6,,2706,2877.1,1960.6,,18059.1,18221,13501.6,,2444.2,2503.8,2033.4,N
03/09/2024,01,,23999.5,24169.5,17970.5,,3434.5,3462.3,2435.5,,18063.6,18205.8,13505.1,,2501.4,2501.4,2029.9,N
03/09/2024,02,,24567.7,24727.6,18330.2,,4226.1,4250.1,3060.1,,17857.5,17993.4,13262.1,,2484.1,2484.1,2008,N
03/09/2024,03,,25096.2,25235.2,18545.3,,5202.7,5202.7,3807.3,,17438.5,17577.5,12766.7,,2455,2455,1971.3,N
03/09/2024,04,,25368.3,25501,18528.5,,6174,6174,4641.9,,16766.7,16899.4,11949.3,,2427.6,2427.6,1937.3,N
03/09/2024,05,,24990.9,25109.1,18089,,6788.5,6790.6,5327.9,,15801.7,15917.8,10857.3,,2400.7,2400.7,1903.8,N
03/09/2024,06,,24084.7,24190.8,17245.6,,7135.8,7136.7,5768.9,,14583,14688.2,9623.4,,2365.9,2365.9,1853.3,N
03/09/2024,07,,22486.1,22583.3,15717.2,,7283.9,7283.9,5958.7,,12930.4,13027.6,8023.1,,2271.8,2271.8,1735.4,N
03/09/2024,08,,20973.8,21071.3,14309.6,,7278.4,7281.3,5956.7,,11511,11605.6,6730.2,,2184.4,2184.4,1622.7,N
03/09/2024,09,,20252.7,20348.8,13736.8,,7337.4,7337.4,6009.7,,10761.7,10857.8,6142.4,,2153.6,2153.6,1584.7,N
03/09/2024,10,,19425.7,19521,13082.6,,7290.5,7290.5,5950,,10054.7,10150,5653.3,,2080.5,2080.5,1479.3,N
03/09/2024,11,,16405.2,16473.6,10527.7,,6901,6901,5496.8,,7728.7,7797.1,3905.2,,1775.5,1775.5,1125.7,N
03/09/2024,12,,14080.4,14137,8725.1,,6395.4,6395.4,4889.8,,6120.1,6176.7,2906.7,,1564.9,1564.9,928.6,N
03/09/2024,13,,12298.2,12350.9,7142.9,,5786.7,5786.7,4139,,5088.5,5141.2,2243.2,,1423,1423,760.7,N
03/09/2024,14,,10724.6,10773.2,5904.2,,5051.2,5051.2,3363.5,,4376.6,4425.2,1884.3,,1296.8,1296.8,656.4,N
03/09/2024,15,,9491.5,9539.5,5025.7,,4337.8,4337.8,2764.4,,3963.6,4011.6,1686.4,,1190.1,1190.1,574.9,N
03/09/2024,16,,8177,8214.5,4230.9,,3849.3,3849.3,2394,,3309.3,3346.8,1364.5,,1018.4,1018.4,472.4,N
03/09/2024,17,,7044.6,7076.6,3593.7,,3541.6,3541.6,2160.9,,2657.9,2689.9,1056.8,,845.1,845.1,376,N
03/09/2024,18,,5923.9,5950.7,2984.2,,3203.4,3203.4,1893.9,,2014.1,2040.9,783.1,,706.4,706.4,307.2,N
03/09/2024,19,,4788.4,4814.9,2318.6,,2702.6,2702.6,1488.9,,1471.4,1497.9,565.1,,614.4,614.4,264.6,N
03/09/2024,20,,4078.9,4101,1941.2,,2462.7,2462.7,1304.8,,1126.7,1148.8,432.1,,489.5,489.5,204.3,N
03/09/2024,21,,3776.9,3797.7,1798.6,,2385.5,2385.5,1253.9,,993.7,1014.5,378.4,,397.7,397.7,166.3,N
03/09/2024,22,,3965.3,3990.6,1863.6,,2366.6,2366.6,1247.1,,1230.6,1255.9,461.1,,368.1,368.1,155.4,N
03/09/2024,23,,4615.7,4655.7,2074.9,,2262,2262,1179,,1974.9,2014.9,736.4,,378.8,378.8,159.5,N
03/09/2024,24,,5155.8,5200.8,2288.9,,2189.5,2189.5,1141,,2603.1,2648.1,994.8,,363.2,363.2,153.1,N
03/10/2024,01,,5187.6,5754.9,2535.9,,1903.5,2118.7,1104.4,,2976.5,3288.6,1285.5,,307.6,347.6,146,N
03/10/2024,02,,5737.8,6366.3,2812.5,,1918.8,2129.3,1107.4,,3536.2,3918.5,1571.2,,282.8,318.5,133.9,N
03/10/2024,04,,6498.9,7202.4,3219.9,,2111.5,2336.5,1239.1,,4130.2,4576,1859.1,,257.2,289.9,121.7,N
03/10/2024,05,,6859.8,7587.4,3383.6,,2126.4,2333.1,1228.1,,4500.7,4991.2,2046.1,,232.7,263.1,109.4,N
03/10/2024,06,,6949.4,7664.2,3366.2,,2029,2186.4,1128.3,,4713.6,5243.8,2143.4,,206.8,234,94.5,N
03/10/2024,07,,6836.1,7555.7,3241.8,,1858.7,1994.7,1002.7,,4787,5346.2,2154.3,,190.4,214.8,84.8,N
03/10/2024,08,,6155.4,6851.7,2814.9,,1578.2,1711.1,818.7,,4392.4,4936.5,1918.4,,184.8,204.1,77.8,N
03/10/2024,09,,5727.9,6391,2550.5,,1352.5,1479.3,675.8,,4190.2,4708.2,1799.3,,185.2,203.5,75.4,N
03/10/2024,10,,5490.2,6115.3,2404.1,,1179.1,1294.4,574.3,,4125.8,4616.7,1756.8,,185.3,204.2,73,N
03/10/2024,11,,5169,5740.7,2226.8,,1028,1129.3,490.4,,3978.5,4431.9,1673.5,,162.5,179.5,62.9,N
03/10/2024,12,,4500.8,4961.6,1916,,930.9,1019.7,447.9,,3476.5,3839.9,1433,,93.4,102,35.1,N
03/10/2024,13,,4216.3,4644.2,1779.8,,730.1,799.1,346.8,,3411,3762.4,1405,,75.2,82.7,28,N
03/10/2024,14,,4005.5,4411.5,1683.9,,635.6,692.8,303.2,,3301,3642.3,1354.6,,68.9,76.4,26.1,N
03/10/2024,15,,3860.9,4249.1,1625,,708,768.5,346.2,,3084.4,3405.4,1252.9,,68.5,75.2,25.9,N
03/10/2024,16,,3941.2,4325.5,1682,,844.6,915.9,438.7,,3021.1,3327.9,1214.6,,75.5,81.7,28.7,N
03/10/2024,17,,4122.5,4534.2,1778,,971.2,1049.9,516.3,,3066.7,3392.5,1229.6,,84.6,91.8,32.1,N
03/10/2024,18,,4712.2,5191,2044.8,,1153.6,1242.8,622.4,,3454.4,3834.4,1383.3,,104.2,113.8,39.1,N
03/10/2024,19,,5471.4,6035.8,2388.8,,1320.9,1418.1,711.3,,4005.5,4457.8,1622.1,,145,159.9,55.4,N
03/10/2024,20,,6377,7050.1,2717.1,,1211.4,1288.5,576.2,,4914.6,5479.7,2042.5,,251,281.9,98.4,N
03/10/2024,21,,9313.8,10285.1,4280.2,,1443.4,1525.2,676.7,,7420.7,8252.7,3418.4,,449.7,507.2,185.1,N
03/10/2024,22,,12194.7,13454.5,6153,,1650.3,1734.3,787.9,,9887.1,10978.5,5083.3,,657.3,741.7,281.8,N
03/10/2024,23,,13848.1,15289.1,7454.8,,1659.6,1745.5,802.6,,11366.1,12613.7,6281.1,,822.4,929.9,371.1,N
03/10/2024,24,,15011.4,16620.8,8535,,1524.1,1601.1,749,,12467.8,13865.9,7286.3,,1019.5,1153.8,499.7,N
03/11/2024,01,,16962.1,17095.8,9163.1,,1500.5,1500.5,713.5,,14261.7,14395.4,7869.3,,1199.9,1199.9,580.3,N
03/11/2024,02,,17475.5,17615.3,9655.9,,1448.3,1448.3,702,,14714.2,14854,8287.4,,1313,1313,666.5,N
03/11/2024,03,,17236.4,17375.5,9419,,1394.5,1394.5,674.8,,14512.5,14651.6,8058,,1329.4,1329.4,686.2,N
03/11/2024,04,,16650.5,16784,8917.8,,1297.3,1297.3,612.1,,14007.3,14140.8,7600,,1345.9,1345.9,705.7,N
03/11/2024,05,,16240.7,16373.3,8590.8,,1217.2,1217.2,565.3,,13686,13818.6,7324.8,,1337.5,1337.5,700.7,N
03/11/2024,06,,15926.4,16058.8,8319.9,,1121.5,1121.5,514.5,,13474,13606.4,7113,,1330.9,1330.9,692.4,N
03/11/2024,07,,15364.2,15495.3,7852.8,,1012,1012,458.2,,13052.7,13183.8,6730.4,,1299.5,1299.5,664.2,N
03/11/2024,08,,13684,13802,6473,,890.3,890.3,390.1,,11654.6,11772.6,5543.3,,1139.1,1139.1,539.6,N
03/11/2024,09,,12129.4,12242.5,5346.5,,845.2,845.2,364,,10295.6,10408.7,4545.2,,988.6,988.6,437.3,N
03/11/2024,10,,10653.9,10763.1,4431.1,,800.9,800.9,338.9,,9012.1,9121.3,3737.4,,840.9,840.9,354.8,N
03/11/2024,11,,9962.2,10065,4001.5,,929.8,929.8,387.2,,8314.3,8417.1,3321.9,,718.1,718.1,292.4,N
03/11/2024,12,,9249.5,9342.7,3647.1,,1280.1,1287.4,548.5,,7441,7526.9,2891.8,,528.4,528.4,206.8,N
03/11/2024,13,,10350.1,10461,4295.9,,1671.8,1690.7,758.4,,8156.4,8248.4,3334.6,,521.9,521.9,202.9,N
03/11/2024,14,,11417.7,11526.8,4944.4,,2010.6,2033.3,936.2,,8854.5,8940.9,3792.9,,552.6,552.6,215.3,N
03/11/2024,15,,12107.3,12202.7,5347,,2295.7,2310.2,1095.9,,9222.9,9303.8,4020.6,,588.7,588.7,230.5,N
03/11/2024,16,,13017.4,13107.9,5947.5,,2578.3,2583.8,1262.6,,9829.4,9914.4,4445.9,,609.7,609.7,239,N
03/11/2024,17,,13834.9,13925,6397.8,,2861.6,2861.6,1414.9,,10305.7,10395.8,4719.2,,667.6,667.6,263.7,N
03/11/2024,18,,14740.5,14841.8,6810.2,,3190.3,3190.3,1596.6,,10800.6,10901.9,4913.8,,749.6,749.6,299.8,N
03/11/2024,19,,16120.5,16236.1,7603.3,,3504.6,3504.6,1776.7,,11743.2,11858.8,5466.3,,872.7,872.7,360.3,N
03/11/2024,20,,18924.6,19071.4,9544.6,,3716.4,3716.4,1941.9,,14007.7,14148.5,7063.3,,1200.5,1206.5,539.4,N
03/11/2024,21,,20878.5,21034.4,11067.5,,3877.2,3877.2,2105.7,,15508.8,15664.7,8238.9,,1492.5,1492.5,722.9,N
03/11/2024,22,,22443.8,22612.9,12534.2,,4024,4024,2290.2,,16673.2,16842.3,9286.8,,1746.6,1746.6,957.2,N
03/11/2024,23,,23639.8,23837.5,13753.6,,4016.9,4016.9,2325.7,,17719.2,17916.9,10292.1,,1903.7,1903.7,1135.8,N
03/11/2024,24,,24617.7,24803.2,14692.7,,3768.7,3770.5,2125.9,,18871,19054.7,11343.9,,1978,1978,1222.9,N
03/12/2024,01,,24894.5,25090.4,14982.6,,3608.3,3610.5,1995.6,,19295.9,19489.6,11763.8,,1990.3,1990.3,1223.2,N
03/12/2024,02,,24894.7,25100.8,14973.4,,3467.2,3469.2,1895,,19440.5,19644.6,11872.8,,1987,1987,1205.6,N
03/12/2024,03,,24710.1,24902.3,14747.1,,3334.7,3335.2,1801.8,,19393.1,19584.8,11751.1,,1982.3,1982.3,1194.2,N
03/12/2024,04,,24418.3,24607.4,14397.2,,3229.1,3229.1,1718.7,,19200.4,19389.5,11476.6,,1988.8,1988.8,1201.9,N
03/12/2024,05,,24172.3,24358.4,14100.1,,3126.7,3126.7,1646.6,,19064.8,19250.9,11269.5,,1980.8,1980.8,1184,N
03/12/2024,06,,23860.2,24045.7,13735.3,,3063.8,3063.8,1590.9,,18824.1,19009.6,10978.7,,1972.3,1972.3,1165.7,N
03/12/2024,07,,23242,23424.1,13040.6,,2966.2,2966.2,1520.4,,18339.7,18521.8,10402.4,,1936.1,1936.1,1117.8,N
03/12/2024,08,,21767.7,21935.8,11338.6,,2850.6,2850.6,1434.8,,17074.4,17242.5,8890.8,,1842.7,1842.7,1013,N
03/12/2024,09,,20807.7,20961.3,10397.7,,2855.5,2857.1,1417,,16105.5,16257.5,7948.2,,1846.7,1846.7,1032.5,N
03/12/2024,10,,20066.7,20217.1,9771.5,,2863.3,2867.1,1400.6,,15350.5,15497.1,7311.7,,1852.9,1852.9,1059.2,N
03/12/2024,11,,19094.4,19231.8,8895.4,,3069.1,3074.4,1504.5,,14227.8,14359.9,6401.1,,1797.5,1797.5,989.8,N
03/12/2024,12,,17111.6,17211.6,7342.3,,3525.2,3529.8,1745,,11996.6,12092,4855.1,,1589.8,1589.8,742.2,N
03/12/2024,13,,16646.1,16724.4,7092.6,,3927.6,3927.6,1948.9,,11145.5,11223.8,4424.1,,1573,1573,719.6,N
03/12/2024,14,,16050.9,16118.8,6792.1,,4130.9,4130.9,2045.9,,10363.7,10431.6,4040,,1556.3,1556.3,706.2,N
03/12/2024,15,,15181.5,15243.9,6372,,4142.7,4142.7,2030.1,,9531.5,9593.9,3662.3,,1507.3,1507.3,679.6,N
03/12/2024,16,,14796,14855.2,6281.2,,4127,4127,2017.1,,9183,9242.2,3583.7,,1486,1486,680.4,N
03/12/2024,17,,14104,14157.7,5985.9,,4189.6,4189.6,2058.8,,8496.4,8550.1,3289.2,,1418,1418,637.9,N
03/12/2024,18,,13406,13454,5656,,4294.2,4294.2,2121.4,,7775.7,7823.7,2953.5,,1336.1,1336.1,581.1,N
03/12/2024,19,,12966.2,13072.1,5502.5,,4350.1,4411.4,2190.4,,7300.2,7344.8,2748.8,,1315.9,1315.9,563.3,N
03/12/2024,20,,14277.3,14349,6149.3,,4527.4,4543.5,2305.5,,8245.4,8301,3163.7,,1504.5,1504.5,680.1,N
03/12/2024,21,,15057.4,15137.4,6527.6,,4490.9,4506.9,2308.7,,8921.5,8985.5,3442.2,,1645,1645,776.7,N
03/12/2024,22,,15637.3,15729.2,6849.1,,4424,4445.9,2297.7,,9446.4,9516.4,3681.8,,1766.9,1766.9,869.6,N
03/12/2024,23,,16404.9,16509.1,7242.9,,4313.5,4334.7,2252.7,,10213,10296,4021.8,,1878.4,1878.4,968.4,N
03/12/2024,24,,17853.3,17986.7,7978.5,,4165.7,4188,2170.7,,11689.3,11800.4,4720.3,,1998.3,1998.3,1087.5,N
03/13/2024,01,,18314.8,18612.1,8281.8,,3993.3,4078.9,2116,,12358.5,12482.7,5054.4,,1963,2050.5,1111.4,N
03/13/2024,02,,18317.8,18607,8238.6,,3851.4,3924.9,2020.8,,12511.7,12638.8,5131.7,,1954.7,2043.3,1086.1,N
03/13/2024,03,,17792.1,18067.8,7868.7,,3657,3725.5,1877.1,,12229.4,12349.3,4950.8,,1905.7,1993,1040.8,N
03/13/2024,04,,17262.9,17524.9,7549.1,,3511.1,3579.3,1762.9,,11889.3,11996.2,4787.6,,1862.5,1949.4,998.6,N
03/13/2024,05,,16762.7,17017.4,7205.5,,3315.9,3384.7,1631.2,,11652.3,11753.5,4636.1,,1794.5,1879.2,938.2,N
03/13/2024,06,,16286.1,16530.8,6859.6,,3114.4,3181.8,1499.9,,11463.5,11561.6,4506.8,,1708.2,1787.4,852.9,N
03/13/2024,07,,15596.3,15822.2,6423,,2888.3,2952.5,1359.2,,11122,11214.8,4317.7,,1586,1654.9,746.1,N
03/13/2024,08,,14073.8,14296.9,5600.2,,2593.1,2673.5,1186.7,,10066.6,10148.8,3788.9,,1414.1,1474.6,624.6,N
03/13/2024,09,,13132.7,13353,5104,,2432.2,2512.9,1092.2,,9368.6,9451.1,3439.4,,1331.9,1389,572.4,N
03/13/2024,10,,12379.5,12569.3,4722.7,,2317.3,2373.1,1016.6,,8804.1,8883.4,3176.3,,1258.1,1312.8,529.8,N
03/13/2024,11,,11352.8,11532.3,4280.4,,2234.1,2290,968.5,,7985.9,8059.2,2841.4,,1132.8,1183.1,470.5,N
03/13/2024,12,,9403.3,9556.2,3518,,2216.3,2275.1,967.9,,6326.9,6383.3,2212.3,,860.1,897.8,337.8,N
03/13/2024,13,,8923.4,9090.6,3327.4,,2183,2240,949.9,,5964.8,6039.8,2078.1,,775.6,810.8,299.4,N
03/13/2024,14,,9418.1,9604.6,3543.4,,2405.6,2468.2,1060.1,,6237.8,6326.4,2184.3,,774.7,810,299,N
03/13/2024,15,,10825,11040.3,4109.7,,2949.5,3026.9,1303.6,,7040.1,7141.7,2483.2,,835.4,871.7,322.9,N
03/13/2024,16,,12471.4,12717.4,4748.6,,3499.8,3594.4,1535,,8067.1,8182.2,2864.6,,904.5,940.8,349,N
03/13/2024,17,,14063.2,14356.8,5432.4,,4061.6,4183.6,1828,,9025.9,9160.2,3221.9,,975.7,1013,382.5,N
03/13/2024,18,,15576.9,15925,6139.8,,4656.5,4819.6,2170.1,,9884.3,10031,3554.4,,1036.1,1074.4,415.3,N
03/13/2024,19,,16791.1,17233.4,6765.6,,5118.5,5366.4,2479.5,,10597.3,10745.2,3848.3,,1075.3,1121.8,437.8,N
03/13/2024,20,,16557.6,16931.3,6761.7,,5187.3,5396.8,2527.8,,10275.3,10390.8,3779.9,,1095,1143.7,454,N
03/13/2024,21,,16975.6,17336.9,6889.9,,5105.1,5288.8,2458.4,,10627.7,10748.8,3908,,1242.8,1299.3,523.5,N
03/13/2024,22,,18081.8,18544.6,7323,,5085.4,5283.4,2437.8,,11537.4,11735.5,4264.8,,1459,1525.7,620.4,N
03/13/2024,23,,19179.9,20137,7906.6,,4734,5263.4,2401.7,,12785.4,13139.8,4799.9,,1660.5,1733.8,705,N
03/13/2024,24,,20473,21520.1,8346.1,,4474.1,4952.2,2230.9,,14217.2,14710,5366.5,,1781.7,1857.9,748.7,N
