,00:00:00,01:00:00,02:00:00,03:00:00,04:00:00,05:00:00,06:00:00,07:00:00,08:00:00,09:00:00,10:00:00,11:00:00,12:00:00,13:00:00,14:00:00,15:00:00,16:00:00,17:00:00,18:00:00,19:00:00,20:00:00,21:00:00,22:00:00,23:00:00
2019-01-01,,,,,,,,,,,,,,,,,,,294,294,294,358,294,294
2019-01-02,294,358,292,294,358,292,356,292,358,292,293,297,292,292,,56,25,36,36,1,25,25,25,16
2019-01-03,152,,,294,294,294,294,294,294,294,294,294,294,,294,294,294,294,292,294,294,294,294,294
2019-01-04,294,358,,,293,,,292,292,294,358,294,292,,,,,,294,294,,,294,
2019-01-05,294,294,,,,,,,,,,24,1,,,,,,,,,38,,358
2019-01-06,294,293,,,,,,,,,,,,,,,,,,,,,,
2019-01-07,,,,,,292,292,356,358,294,294,294,358,294,51,294,294,54,294,294,293,294,,38
2019-01-08,54,,,,,,,,,,,,,,,,,1,1,24,147,146,152,152
2019-01-09,146,146,,294,294,294,293,358,294,17,24,24,358,292,18,17,17,1,24,17,24,24,17,24
2019-01-10,152,,,,,,,,,,,,,,,144,25,25,25,8,144,144,24,152
2019-01-11,147,147,184,152,185,185,144,152,152,152,144,144,144,56,38,6,38,294,38,294,6,294,294,294
2019-01-12,38,294,294,,,,294,294,294,292,292,356,356,292,,,146,6,147,6,262,292,486,294
2019-01-13,294,19,,19,294,33,447,358,356,294,292,292,356,,,,,,,,,,,
2019-01-14,,,,,,293,292,358,294,294,294,294,294,358,,152,,144,154,152,147,147,19,155
2019-01-15,19,48,,,,,,,,,,,,,,,,,,,,,,
2019-01-16,,,,,,292,292,358,358,356,294,294,326,184,,294,6,17,17,146,144,144,146,146
2019-01-17,146,,,,,,,,,,,,,,,,,,294,,292,,294,294
2019-01-18,294,294,,153,144,176,144,152,176,176,24,153,55,144,152,152,152,128,128,147,19,130,146,294
2019-01-19,154,,,292,,,,,358,,,294,,294,,,294,,,294,294,294,294,
2019-01-20,294,294,,,,,,,294,,294,294,294,,,,,,,,,19,,
2019-01-21,18,18,16,,,,51,51,144,154,144,144,147,154,130,128,144,138,294,128,138,138,128,292
2019-01-22,317,422,,,,,,,,,,,,,,,,,,,,,,
2019-01-23,,,,,,294,,294,293,292,292,294,294,293,292,294,294,294,358,294,358,358,292,292
2019-01-24,292,,,,,,,,,,,,,,,,294,,,294,,294,294,
2019-01-25,,,,,,358,358,358,293,292,292,358,358,358,,,294,,358,294,294,292,292,358
2019-01-26,358,,,,,,,,,,,,,,294,294,294,294,294,358,358,358,358,358
2019-01-27,358,294,,292,358,358,358,358,358,294,301,294,293,292,,19,,,19,19,,19,19,19
2019-01-28,19,154,19,,,292,294,,294,294,358,358,358,293,,,,292,358,292,294,294,4,326
2019-01-29,294,294,,4,17,292,292,441,292,293,301,292,293,,,,,,,,,,,
2019-01-30,,,,,,24,,36,9,,17,17,294,37,,,,,,,33,,6,147
2019-01-31,147,6,,,,,,,,,,,,,,,,,,,,,,
2019-02-01,,,,,,,1,,294,358,33,293,33,144,,184,19,176,176,19,24,,19,152
2019-02-02,176,,,,,,,,,,,,,,,,,,,,154,144,19,19
2019-02-03,144,144,,38,294,294,294,6,9,152,152,145,145,144,,6,1,2,1,4,4,1,1,19
2019-02-04,1,,,,294,,294,294,294,294,294,358,292,294,,4,0,0,0,0,0,0,4,4
2019-02-05,4,4,,,152,152,24,144,152,152,152,9,25,,16,24,24,144,16,16,16,128,144,144
2019-02-06,24,144,136,,,24,16,16,176,25,152,144,19,153,292,454,198,198,326,326,326,6,6,358
2019-02-07,358,326,,,,,,,,,,,,,,,,,,,,,,
2019-02-08,,,,294,294,293,292,358,358,294,301,292,37,24,294,358,358,358,358,294,292,358,36,292
2019-02-09,294,,,,,,,,,,,,,,,,,,,,,,,
2019-02-10,,,,,24,,,17,144,16,152,144,152,152,,16,24,16,16,16,16,24,144,16
2019-02-11,24,,,,,,,,,,,,,,294,294,358,358,294,294,294,294,358,294
2019-02-12,294,292,,,,294,294,358,358,358,292,292,292,292,,,,,,,294,294,294,294
2019-02-13,294,294,294,,,,,294,293,292,310,144,152,54,144,19,146,128,146,25,146,147,152,128
2019-02-14,144,152,,,,,,,,,,,,,,,,,,,,154,128,128
2019-02-15,128,128,128,,24,24,25,16,136,144,144,152,152,1,6,130,25,152,6,130,128,128,128,130
2019-02-16,144,0,,,,,,,,,,,,,,,,,,,,,,
2019-02-17,,,,41,,6,294,6,358,358,152,147,9,53,358,294,294,294,294,358,292,294,292,292
2019-02-18,358,,,,,,,,,,,,,,,,,,,,,,24,144
2019-02-19,144,128,,358,294,358,294,358,292,292,292,292,294,292,9,24,24,19,38,9,0,2,24,48
2019-02-20,18,,,,,292,,292,292,294,294,358,294,292,4,294,294,152,56,19,152,152,176,176
2019-02-21,152,152,,,24,,24,16,1,8,1,24,24,294,294,6,294,6,294,294,294,294,17,17
2019-02-22,294,6,6,,,,,,294,292,294,292,293,292,38,2,2,24,186,18,24,25,214,16
2019-02-23,309,309,294,,,,,,,,,,,,,,,,,,,,,
2019-02-24,,,,,,,358,356,356,358,294,292,356,294,,358,294,358,294,358,294,294,358,294
2019-02-25,292,,,,,,,,,,,,,,,,,,154,,176,176,176,6
2019-02-26,6,6,,,,292,294,294,294,358,294,219,219,176,294,294,294,,294,36,358,358,294,292
2019-02-27,292,,,,,,,,,,,,,,,,,16,,,176,25,24,24
2019-02-28,153,144,,,292,293,356,356,358,356,356,294,294,294,6,294,294,358,358,294,358,294,294,294
2019-03-01,358,294,294,,,292,,292,292,358,294,294,292,292,294,294,358,36,358,294,294,294,358,292
2019-03-02,33,36,,,,,,,,,,,,,,,,,128,19,128,24,24,128
2019-03-03,152,146,24,1,33,33,4,292,33,358,358,294,4,294,294,33,358,358,293,36,36,262,37,38
2019-03-04,294,292,,,,,,,,,,,,,,,,,,,,,,
2019-03-05,,,292,313,17,185,54,185,153,176,57,152,432,24,,36,17,25,2,144,2,24,24,16
2019-03-06,24,,,,,,,,,,,,,,,,,6,,0,4,6,0,0
2019-03-07,18,4,,1,38,38,6,292,294,313,0,49,390,9,,128,0,128,128,128,16,128,144,144
2019-03-08,128,,,,128,,128,128,128,128,128,144,152,144,24,16,24,24,24,128,48,48,24,24
2019-03-09,144,56,,292,294,292,294,292,294,292,292,294,294,,152,17,17,128,144,,152,,17,144
2019-03-10,128,,128,,,,,48,16,16,24,144,176,16,16,152,176,144,152,24,144,152,152,153
2019-03-11,144,144,24,,,,,,,,,,,,,,,,,,,,,
2019-03-12,,,,,56,48,16,288,48,48,0,48,16,48,146,17,48,16,155,155,16,24,128,144
2019-03-13,144,,,,,,,,,,,,,,,6,1,0,6,4,4,292,292,4
2019-03-14,1,1,,9,293,293,4,36,4,294,358,358,9,1,,358,358,294,294,294,358,292,358,358
2019-03-15,292,,,,,,,,,,,,,,,176,1,1,144,16,154,24,19,146
2019-03-16,144,144,,0,176,176,144,144,24,24,25,17,17,144,,,1,4,24,6,17,1,24,6
2019-03-17,6,6,18,,292,292,292,294,294,38,292,294,147,0,,,,,,,,,,
2019-03-18,,,,,,,,,,,,,,,,,,,,,,,,
2019-03-19,,,,,,,358,,,292,294,292,292,292,,294,,,294,36,36,358,358,294
2019-03-20,6,294,,,,,,,,,,,,,,,,,,,,,,
2019-03-21,,,24,25,1,1,56,9,1,1,25,17,144,144,,0,0,,6,1,6,6,6,0
2019-03-22,2,,,,,,,,,,,,,,,,,,,,,,,
2019-03-23,,,,,,294,358,292,294,358,358,294,292,294,,19,55,6,18,18,150,130,152,154
2019-03-24,0,,,,292,,294,294,294,358,358,176,176,22,294,294,294,262,358,294,294,294,262,294
2019-03-25,358,358,,,17,,,294,292,292,356,356,356,,,,,,,,36,4,6,6
2019-03-26,6,6,4,,49,49,51,22,56,55,152,294,294,154,147,146,144,130,128,130,152,24,128,144
2019-03-27,19,16,,,,,,,,,,,,,,,,,,,,,,
2019-03-28,,,,,,54,358,294,311,294,182,297,292,185,,358,358,358,358,358,358,6,358,294
2019-03-29,262,,,,,,,,,,,,,,,,294,294,294,294,358,358,358,358
2019-03-30,294,358,,144,144,152,144,144,154,152,154,144,0,18,152,128,19,128,144,146,146,144,146,128
2019-03-31,144,,,,,,,,,,,,,,,294,294,358,294,294,38,358,294,358
2019-04-01,406,294,292,358,358,358,292,292,358,358,294,292,294,358,,,130,,,6,,6,,6
2019-04-02,22,22,22,,,,,294,292,358,358,292,292,38,,,,,,,,,,
2019-04-03,,,,,,,,,,,,,,,,,6,6,6,18,18,19,24,24
2019-04-04,24,,,,,292,,294,294,294,358,294,292,358,128,18,18,128,128,144,144,128,128,144
2019-04-05,160,146,,,,,,,,,,,,,,,,,,,,,,
2019-04-06,,,,294,,358,294,292,358,358,358,358,294,297,6,6,6,128,18,6,6,6,130,6
2019-04-07,294,,,,,,,,,,,,,,,,,,,,,,,
2019-04-08,,,,292,,,,358,294,294,294,358,294,486,,294,294,358,262,36,38,6,6,70
2019-04-09,358,,,,,,,294,294,294,358,294,358,294,,18,128,19,130,144,144,138,138,128
2019-04-10,128,130,,358,358,293,292,294,326,55,292,38,313,438,502,358,494,502,294,510,294,310,502,510
2019-04-11,510,510,439,,294,292,292,294,358,310,294,294,294,289,294,294,18,18,18,294,358,18,358,358
2019-04-12,358,294,36,,,,,,,,,,,,,,,,,,,,,
2019-04-13,,,,,17,294,294,38,294,294,294,294,294,294,,16,6,17,17,6,2,19,18,24
2019-04-14,19,,,,,,,,,,,,,,,,,,,,,,,
2019-04-15,,,,294,,,294,294,55,55,184,184,179,294,,19,,,6,19,6,18,19,19
2019-04-16,19,,,,,,,,,,,,,,,6,294,294,262,292,292,326,326,326
2019-04-17,358,358,,292,294,358,294,292,16,297,24,297,17,329,6,6,6,2,2,2,2,17,144,176
2019-04-18,176,176,19,,294,294,294,294,294,358,358,294,294,294,,,,,,,,,,
2019-04-19,,,,,,,,,,,,,,,,,,,,,,,,
2019-04-20,,,,,294,294,294,294,356,294,292,292,301,292,6,358,294,6,6,6,294,358,358,294
2019-04-21,24,6,,,,,,,,,,,,,,,,,,,,,,
2019-04-22,,,,,128,128,138,128,130,128,154,154,147,147,,6,18,18,6,6,6,6,146,146
2019-04-23,16,,,,,,,,,,,,,,,,6,49,2,160,18,19,144,19
2019-04-24,19,22,,,,152,9,152,144,19,147,152,152,19,19,18,2,2,2,2,24,6,17,1
2019-04-25,155,,,,294,358,358,294,294,294,294,294,294,294,,,,,,4,6,6,,6
2019-04-26,6,6,,294,358,358,358,294,294,294,294,292,292,,138,18,128,128,16,152,,24,24,19
2019-04-27,16,6,6,,,,292,294,294,294,294,294,294,294,6,6,6,6,38,38,358,294,358,294
2019-04-28,294,33,,,,,,,,,,,,,,,,,,,,,,
2019-04-29,,,,,292,18,358,294,294,294,356,292,293,24,,19,130,146,146,146,146,130,6,154
2019-04-30,147,,,,,,,,,,,,,,,,294,6,6,6,38,38,,
2019-05-01,6,6,,,294,294,358,358,358,292,358,294,292,292,,358,326,326,294,294,294,294,262,358
2019-05-02,262,,,,,,,,,,,,,,,,2,6,146,,18,6,6,146
2019-05-03,147,138,144,176,176,297,9,25,25,153,24,56,18,25,6,262,294,294,326,326,262,262,,6
2019-05-04,6,6,294,,,,,,,294,294,294,294,294,,358,262,22,19,19,18,358,6,146
2019-05-05,6,294,,,,,,,,,,,,,,,,,,,,,,
2019-05-06,,,,,294,294,294,294,54,55,309,49,51,185,146,22,147,18,18,130,146,138,6,147
2019-05-07,147,130,,,,,,,,,,,,,,,,,,,,,,
2019-05-08,,,,294,294,358,358,294,294,438,292,309,292,358,6,2,16,6,6,6,6,6,6,358
2019-05-09,6,,,,,,,,,,,,,,,,,,18,6,6,0,160,147
2019-05-10,1,152,19,6,146,0,152,179,292,176,144,293,144,144,,0,6,16,2,19,19,2,17,152
2019-05-11,1,,,,,,,,1,36,324,324,1,1,18,,24,24,6,6,24,2,6,6
2019-05-12,24,18,,,,,1,57,1,2,176,6,6,,,,,,2,2,18,18,24,128
2019-05-13,9,18,24,,,,,153,144,17,19,24,24,,,128,,,144,,176,176,144,144
2019-05-14,144,128,,,,,,,,,,,,,,,,,,,,,,
2019-05-15,,,,358,358,358,294,294,294,358,294,294,294,294,,,326,70,6,6,6,19,6,262
2019-05-16,6,,,,,,,,,,,,,,,,,,130,128,128,128,152,152
2019-05-17,19,19,,6,294,6,22,128,294,265,294,144,136,136,294,6,294,294,146,358,358,294,6,262
2019-05-18,294,,,,,,,,,,,,,,294,358,358,358,294,358,358,294,294,36
2019-05-19,294,294,,,292,,,294,292,293,356,292,301,294,147,,130,130,144,130,130,152,16,16
2019-05-20,154,146,130,,144,144,16,16,0,56,48,16,24,152,154,152,130,147,130,19,146,162,144,128
2019-05-21,154,25,,,,,,,,,,,,,,,,294,38,38,6,6,6,16
2019-05-22,294,38,38,,,,292,358,294,292,294,293,294,310,358,358,326,358,326,502,294,294,441,17
2019-05-23,294,358,,,,,,,,,,,,,,,,,,,,,,
2019-05-24,,,,,,,358,358,292,358,294,294,293,294,,358,,294,294,294,,294,358,294
2019-05-25,294,,,,,,,,,,,,,,,,,,4,6,6,6,2,6
2019-05-26,6,18,,,,,,2,19,292,49,1,294,152,6,6,6,2,144,304,144,24,24,17
2019-05-27,17,,,,,,,294,294,294,294,294,294,294,358,502,358,294,358,146,294,262,358,6
2019-05-28,358,358,,292,,358,294,294,294,292,292,292,294,,294,294,294,38,6,6,6,6,6,294
2019-05-29,6,22,150,,,,16,152,24,24,24,24,24,17,358,294,294,358,358,294,294,,294,358
2019-05-30,358,294,,,,,,,,,,,,,,,,,,,,,,
2019-05-31,,,,358,294,294,358,358,358,358,358,292,294,294,,6,2,2,19,0,19,16,2,1
2019-06-01,18,,,,,,,,,,,,,,,,,,24,0,0,,4,
2019-06-02,1,0,,,,,262,294,294,6,260,1,262,17,,,,1,17,2,6,17,17,1
2019-06-03,17,,,,,,,,,,,,,,,17,17,144,138,152,128,146,56,146
2019-06-04,16,146,,292,326,294,38,38,0,38,294,326,326,294,,128,128,1,0,16,16,448,40,289
2019-06-05,48,265,265,,,,,6,294,0,0,294,294,37,19,2,6,147,18,6,6,70,326,6
2019-06-06,326,326,,,,,,326,294,358,294,294,1,,,,,,,,,,,
2019-06-07,,,,,,,54,54,54,294,358,294,292,326,6,70,6,6,70,70,6,6,6,6
2019-06-08,70,70,,,,,,,,,,,,,,,,,,,,,,
2019-06-09,,,,,260,294,294,294,358,358,358,358,358,292,,2,6,18,2,6,2,2,128,128
2019-06-10,152,,,,,,,,,,,,,,,,0,0,1,16,16,0,297,
2019-06-11,1,0,,,,,,0,294,4,292,260,260,294,,6,6,6,6,1,1,4,4,6
2019-06-12,6,,,,294,,294,358,358,294,358,358,358,358,,6,6,6,6,6,6,6,2,17
2019-06-13,17,1,,358,292,4,294,6,152,152,19,38,152,,0,2,2,144,1,24,16,1,24,24
2019-06-14,16,24,17,,,,1,6,262,38,6,22,146,294,6,6,6,146,147,150,130,6,294,358
2019-06-15,292,358,6,,,,,,,,,,,,,,,,,,,,,
2019-06-16,,,,294,358,294,358,358,294,294,358,358,294,358,6,6,6,,326,326,6,6,6,17
2019-06-17,70,,,,,,,,,,,,,,,,,,6,6,6,,6,6
2019-06-18,6,6,,,294,294,294,294,294,358,294,358,358,310,6,6,6,6,6,6,6,6,6,70
2019-06-19,6,,,,,,,,,,,,,,,294,294,358,262,6,6,294,294,294
2019-06-20,36,6,294,294,294,294,358,358,292,294,294,294,294,292,294,326,294,294,294,294,294,294,6,358
2019-06-21,6,358,294,,,294,294,294,294,294,294,294,294,294,294,358,358,294,326,326,70,294,309,293
2019-06-22,294,292,,,,294,294,294,294,294,326,293,262,,,,,,,6,6,6,6,38
2019-06-23,53,6,6,,294,,294,294,294,358,294,294,358,294,,358,326,6,6,6,22,70,358,6
2019-06-24,326,294,,,,,,,,,,,,,,,,,,,,,,
2019-06-25,,,,,358,358,294,292,294,294,294,294,294,294,,6,6,2,2,2,2,6,19,147
2019-06-26,150,,,,,,,,,,,,,,,,,,,176,16,24,147,176
2019-06-27,144,144,,144,153,154,18,19,19,19,153,144,17,152,,,,6,6,0,0,2,6,1
2019-06-28,1,,,176,,2,,2,18,24,24,24,24,,1,2,2,1,6,17,2,17,2,18
2019-06-29,1,153,19,49,294,36,294,146,179,294,294,294,294,,,4,6,2,0,0,6,17,1,16
2019-06-30,1,1,17,,,294,294,358,294,358,294,358,294,294,,262,6,326,326,326,326,326,4,6
2019-07-01,4,4,294,,,,,,,,,,,,,,,,,,,,,
2019-07-02,,,,,,,24,1,1,1,25,25,48,144,,0,24,,17,17,24,16,0,19
2019-07-03,24,,,,,,,,,,,,,,,,6,6,6,,,6,6,4
2019-07-04,4,4,,,,294,292,294,294,6,154,150,326,150,17,19,19,19,1,2,19,17,24,147
2019-07-05,17,,,,,,,,,,,,,,,,,2,17,2,2,19,6,17
2019-07-06,1,16,,24,176,160,160,144,16,128,24,154,154,128,,,,,,16,19,19,147,146
2019-07-07,18,,,,,,,17,4,,,1,6,260,,,,,128,,152,152,146,128
2019-07-08,16,24,,,,,,16,6,6,6,4,0,,,,,,,,,,,
2019-07-09,,,,,0,6,6,6,6,6,294,294,358,294,1,6,6,19,6,6,6,6,6,1
2019-07-10,2,6,,,,,,,,,,,,,,,,,,,,,,
2019-07-11,,,294,358,358,326,292,358,292,326,294,294,293,293,24,2,146,18,152,128,128,128,146,144
2019-07-12,152,,,,,,,,,,,,,,,,,,,144,,24,147,144
2019-07-13,144,144,294,358,358,358,358,358,294,358,358,358,358,358,16,2,2,1,0,1,24,6,1,2
2019-07-14,1,,,,,,6,,6,6,6,6,6,,,0,6,1,6,6,6,6,0,0
2019-07-15,1,0,,6,262,6,38,4,294,36,294,5,38,,,,,,,,,0,0,0
2019-07-16,1,1,16,,,,6,6,6,38,38,0,2,2,16,0,24,128,128,0,6,6,16,2
2019-07-17,24,144,,,,,,,,,,,,,,,,,,,,,,
2019-07-18,,,,24,24,24,19,2,25,24,16,16,17,16,,0,2,0,24,24,24,1,6,2
2019-07-19,17,,,,,,,,,,,,,,,,,,,,,1,1,1
2019-07-20,1,1,,,4,294,292,6,292,0,292,294,9,1,0,6,16,6,0,1,2,152,2,1
2019-07-21,6,,,,,,,,,,,,,,,,,,,,1,0,0,18
2019-07-22,6,144,,0,38,38,6,17,6,147,1,17,152,152,,,1,16,16,128,9,9,152,136
2019-07-23,24,,,,9,9,41,1,1,1,2,56,24,17,,24,18,18,144,128,138,128,24,152
2019-07-24,144,144,,6,1,1,6,38,17,6,19,18,17,,,,,,,,,,,
2019-07-25,,16,16,,,294,38,294,292,294,260,358,294,22,,6,6,6,6,0,0,6,6,1
2019-07-26,6,0,,,,,,,,,,,,,,,,,,,,,,
2019-07-27,,,,152,144,144,144,144,144,138,144,18,144,147,,,,0,6,1,1,144,2,2
2019-07-28,6,,,,,,,,,,,,,,,,17,17,,,16,,,16
2019-07-29,24,1,,6,6,6,6,17,6,294,294,294,1,1,16,16,128,153,144,152,146,146,24,152
2019-07-30,24,,,,18,18,18,19,19,152,152,152,152,,1,0,0,0,17,17,0,0,1,17
2019-07-31,24,24,,,,17,19,19,17,17,16,1,17,,17,17,17,17,16,16,24,17,16,24
2019-08-01,17,17,1,,,,,152,128,128,16,16,18,18,,17,0,0,,17,17,2,,0
2019-08-02,24,6,6,,,,,,,,,,,,,,,,,,,,,
2019-08-03,,,,16,24,24,144,24,24,16,144,24,17,24,,16,24,24,24,152,16,144,152,152
2019-08-04,146,,,,,,,,,,,,,,,,16,,16,16,16,16,,144
2019-08-05,144,,,,144,146,144,144,152,152,152,152,144,19,,,24,,,,24,24,,19
2019-08-06,24,,,,,,,,,,,,,,,,16,,,24,24,24,24,19
2019-08-07,144,144,24,,,17,1,1,24,19,19,19,1,2,,,16,,1,16,154,16,24,144
2019-08-08,16,,,,,,,,25,144,144,152,152,152,,,24,1,1,16,16,25,152,152
2019-08-09,24,24,,19,24,16,24,16,138,138,24,24,16,,,,,,,,,,,
2019-08-10,,,24,,,,144,16,176,24,48,144,144,16,,0,1,24,17,25,24,1,18,17
2019-08-11,18,18,,,,,,,,,,,,,,,,,,,,,,
2019-08-12,,,,,,294,6,6,294,262,6,2,294,6,,1,1,24,1,2,2,2,152,2
2019-08-13,6,,,,,,,,,,,,,,,,,,24,,19,19,24,16
2019-08-14,24,2,,,6,2,16,24,24,24,17,19,2,16,1,0,16,144,1,16,16,24,24,17
2019-08-15,24,,,,,1,,,,,1,1,,,,,1,0,0,24,24,16,0,0
2019-08-16,0,0,,,,,,,38,6,4,4,292,,16,1,1,24,24,0,24,24,1,24
2019-08-17,24,24,144,,,,147,6,18,18,6,6,6,6,0,0,0,0,2,24,24,0,0,0
2019-08-18,0,6,,,,,,,,,,,,,,,,,,,,,,
2019-08-19,,,,,,,147,,152,147,147,,154,144,,24,16,16,16,16,24,16,24,2
2019-08-20,144,,,,,,,,,,,,,,,,,,,1,1,152,144,
2019-08-21,,152,,,17,17,24,1,24,24,9,4,16,1,,,,0,2,17,1,2,17,16
2019-08-22,2,,,,,,,,,,,,,,,24,,,,16,16,131,24,24
2019-08-23,144,144,,,154,128,128,128,144,128,146,146,147,128,,24,,,,16,16,,24,
2019-08-24,,,,,144,144,144,24,2,18,152,17,144,154,17,2,2,152,152,152,128,147,152,0
2019-08-25,154,154,,,6,292,260,6,292,6,294,36,6,,,,,,,,,,,
2019-08-26,,0,0,,294,294,294,294,358,294,358,294,358,294,,6,6,,70,6,6,6,1,1
2019-08-27,1,6,,,,,,,,,,,,,,,,,,,,,,
2019-08-28,,,,,144,,,,19,176,144,19,176,176,,,,2,1,16,1,17,17,17
2019-08-29,18,,,,,,,,,,,,,,,,,24,16,24,146,144,24,24
2019-08-30,24,24,,,,,,19,19,19,,9,176,176,,,,,,24,,18,152,152
2019-08-31,128,,,,,,,,,2,,17,17,,,0,1,6,1,1,0,1,0,1
2019-09-01,0,24,,,,294,358,262,294,294,37,294,260,,,,,,,0,1,1,1,0
2019-09-02,1,1,1,,,,,6,1,0,0,6,2,17,,,6,17,2,17,24,16,2,17
2019-09-03,1,1,38,,,,,,,,,,,,,,,,,,,,,
2019-09-04,,,,6,292,294,6,4,0,6,294,294,294,4,2,2,16,17,2,19,16,16,1,24
2019-09-05,24,,,,,,,,,,,,,,,,,,24,24,24,24,24,16
2019-09-06,16,,,,,6,6,6,294,294,0,19,18,18,,19,1,1,24,144,152,2,17,17
2019-09-07,24,,,,,,,,,,,,,,,,,,,,24,24,17,24
2019-09-08,24,19,17,2,2,6,6,25,152,152,24,144,144,1,16,17,24,24,24,17,24,17,24,1
2019-09-09,1,,,,,,,24,144,147,147,152,24,144,,,144,144,,18,18,16,17,128
2019-09-10,152,144,,,,6,6,37,294,6,6,6,4,,,,,,,,,,,
2019-09-11,,,,,,1,0,0,6,6,0,2,0,4,,17,1,,1,17,24,24,24,24
2019-09-12,17,17,,,,,,,,,,,,,,,,,,,,,,
2019-09-13,,,,146,147,6,6,6,6,147,146,153,153,147,,16,24,16,24,24,18,16,24,24
2019-09-14,144,,,,,,,,,,,,,,,,,,,,,,,48
2019-09-15,8,17,,,304,25,144,147,144,144,153,144,144,144,,,16,,16,,,,19,19
2019-09-16,24,,,,,,,,,,,152,,,,,,,,,,,,
2019-09-17,,,,,,,,147,,,24,6,,,,,,,24,,,,16,
2019-09-18,16,,,,,,,292,6,6,294,294,262,294,,17,,19,19,19,24,24,24,19
2019-09-19,24,16,,,,,,,,,,,,,,,,,,,,,,
2019-09-20,,,2,,6,6,6,6,0,1,1,24,1,1,17,6,6,6,17,17,,6,6,0
2019-09-21,0,,,,,,,,,,,,,,,,,,,,,,,
2019-09-22,,,,,24,,,24,17,25,24,17,25,0,24,,,19,19,,,,19,19
2019-09-23,19,,,,,,,,,,,,,,,,,,24,24,,,,0
2019-09-24,1,,,,,,9,18,294,4,4,260,260,294,24,,,,,,16,16,144,144
2019-09-25,,,,,,,,144,,,144,,186,186,,,24,0,6,6,6,2,2,2
2019-09-26,2,0,,,,292,294,294,294,262,262,358,358,,,,,,,,,,,
2019-09-27,,,,,,,4,294,294,358,358,326,326,358,2,2,2,,6,2,2,2,2,6
2019-09-28,6,6,,,,,,,,,,,,,,,,,,,,,,
2019-09-29,,,,,358,,358,294,294,294,294,292,294,292,6,2,2,2,2,2,17,17,17,24
2019-09-30,16,,,,,,,,,,,,,,,,1,1,1,16,16,57,9,144
2019-10-01,144,1,,288,137,144,16,0,153,313,153,144,16,144,,,,17,41,41,,1,1,9
2019-10-02,0,,,,,,,,,,1,1,1,,,,,16,,,16,16,,16
2019-10-03,16,24,,,0,,17,17,1,262,6,2,4,,,,,,16,16,16,16,16,24
2019-10-04,24,1,16,,1,2,6,2,6,8,1,0,1,0,,24,24,,25,17,17,33,24,8
2019-10-05,24,24,176,,,,,,,,,,,,,,,,,,,,,
2019-10-06,,,,,,,294,294,294,294,358,294,358,294,19,18,18,6,6,6,6,155,2,147
2019-10-07,147,,,,,,,,,,,,,,,,,,,,2,6,0,1
2019-10-08,1,0,,6,294,6,0,294,262,358,1,294,358,293,,,146,19,2,1,,144,144,19
2019-10-09,17,,,,,,,,,,,,,,,6,6,6,37,294,5,0,0,294
2019-10-10,6,6,,358,358,358,292,292,294,292,486,294,294,292,6,38,294,358,358,358,6,6,294,294
2019-10-11,6,,,294,358,294,294,292,292,358,358,358,358,294,,294,294,358,262,294,4,6,54,1
2019-10-12,37,6,,358,358,294,294,358,358,358,292,292,292,,,,,,,,,,,
2019-10-13,,,,,,,358,,294,294,294,358,358,358,,6,6,,6,6,154,18,18,128
2019-10-14,154,2,,,,,,,,,,,,,,,,,,,,,,
2019-10-15,,,,,,,,6,4,9,1,1,6,294,,17,,,,1,0,6,19,144
2019-10-16,6,,,,,,,,,,,,,,,,,,,262,294,294,294,294
2019-10-17,294,294,,,,358,294,19,294,294,292,358,292,6,,,,6,6,,6,4,4,6
2019-10-18,4,,,,38,294,6,6,4,6,6,294,294,,6,1,1,9,1,4,70,17,0,0
2019-10-19,16,1,,,,292,358,294,294,294,294,358,358,,,294,262,262,,4,,4,4,262
2019-10-20,294,294,294,,,,,,358,358,356,358,292,294,294,358,294,294,262,294,294,294,358,358
2019-10-21,358,294,294,,,,,,,,,,,,,,,,,,,,,
2019-10-22,,,,,358,,358,358,358,358,358,294,358,358,,,294,,,,,294,358,
2019-10-23,358,,,,,,,,,,,,,,,,,,,,,,,
2019-10-24,,,,,,292,358,358,358,358,358,358,358,358,,36,36,294,326,358,358,358,358,294
2019-10-25,6,,,,,,,,,,,,,,,,,,358,,,294,294,292
2019-10-26,292,,,,,,,358,358,358,294,358,292,292,294,294,,,294,294,294,294,294,294
2019-10-27,294,,,,,,,,358,294,292,292,294,294,,294,294,294,358,358,358,294,294,358
2019-10-28,294,292,,,,358,358,358,294,358,310,294,294,,,,,,,,,,,6
2019-10-29,292,6,38,,,,,38,358,311,294,176,1,144,294,294,292,262,292,262,358,6,301,294
2019-10-30,294,294,,,,,,,,,,,,,,,,,,,,,,
2019-10-31,,,,,294,358,358,358,358,358,358,358,358,358,,,,,294,358,358,358,294,294
2019-11-01,358,,,,,,,,,,,,,,,,,294,,294,294,294,294,294
2019-11-02,294,294,358,358,294,294,358,294,358,293,292,294,294,292,,,,36,6,6,6,6,294,294
2019-11-03,294,,,,,,,,49,294,294,294,294,,,152,,,152,146,152,152,152,152
2019-11-04,18,152,,,,,,292,292,292,294,294,150,,,294,,,,,36,36,,38
2019-11-05,38,38,294,,,,,,,294,358,294,358,358,0,6,6,2,17,17,6,16,24,155
2019-11-06,147,24,,,,,,,,,,,,,,,,,,,,,,
2019-11-07,,,,,24,24,24,16,16,16,9,24,1,24,152,152,144,144,24,16,176,16,8,9
2019-11-08,16,,,,,,,,,,,,,,,,,,,,,,,
2019-11-09,,,,,,,,356,0,0,292,294,358,358,,,,,152,19,19,,,
2019-11-10,25,,,,,,,,,,,,,,,24,16,16,17,,2,0,0,2
2019-11-11,2,2,,,144,144,152,152,144,152,152,152,154,144,144,17,144,144,144,176,9,16,144,176
2019-11-12,24,,,,,4,292,292,292,4,16,4,292,144,,,144,144,144,144,144,144,144,144
2019-11-13,144,152,,,,,,,,,,358,294,,,,,,,,,,,
2019-11-14,,,,,,358,358,358,358,358,358,358,294,358,,294,294,294,358,294,294,358,294,358
2019-11-15,294,292,,,,,,,,,,,,,,,,,,,,,,
2019-11-16,,,,,,,,154,147,6,22,18,6,294,,146,,152,152,154,153,153,184,146
2019-11-17,146,,,,,,,,,,,,,,,,,,,,,,,144
2019-11-18,,18,,,358,,,294,294,358,358,294,358,358,,292,294,294,358,294,292,292,294,358
2019-11-19,294,,,,,,17,,294,294,17,6,294,,16,16,160,16,144,144,160,25,152,24
2019-11-20,147,16,,16,24,144,25,17,24,24,1,19,152,2,6,1,4,0,0,6,6,1,4,0
2019-11-21,0,1,6,,,,294,294,294,147,147,155,155,152,6,19,19,6,56,152,301,4,6,38
2019-11-22,292,2,,,,,,,,,,,,,,,,,,,,,,
2019-11-23,,,,,,,,294,294,358,358,358,358,358,,38,33,,,,,,,358
2019-11-24,358,,,,,,,,,,,,,,,,144,,,,,,,19
2019-11-25,19,146,,,,294,6,358,153,310,310,406,406,313,144,24,6,56,17,17,24,16,304,9
2019-11-26,304,,,,,,,,,,,,294,,38,294,294,294,358,294,358,294,6,294
2019-11-27,6,155,,,147,154,147,154,147,152,154,144,144,155,56,16,16,16,16,144,152,24,24,24
2019-11-28,56,,,,144,144,144,17,17,17,128,176,144,152,,,19,152,24,24,24,24,24,24
2019-11-29,16,16,,294,17,17,19,152,136,136,294,152,152,,,24,152,16,18,6,24,176,152,152
2019-11-30,144,24,1,292,292,293,294,358,358,4,292,293,324,324,294,358,294,358,358,358,358,358,294,4
2019-12-01,1,294,,,,,,,,,,,,,,,,,,,,,,
2019-12-02,,,,,,,358,358,358,294,358,358,294,294,,,,,292,294,294,,294,294
2019-12-03,294,,,,,,,,,,,,,,,292,,,,294,294,,294,
2019-12-04,294,294,,,,144,,,144,144,,,152,152,,,,,24,24,24,56,24,24
2019-12-05,16,,,,138,,144,144,144,152,144,144,128,,38,294,294,294,294,294,260,294,358,38
2019-12-06,6,147,,,,294,358,294,358,358,358,294,294,,,,,,,,,,294,38
2019-12-07,294,55,294,,,,,37,37,37,17,184,152,24,,6,294,294,38,38,,294,294,294
2019-12-08,1,294,,,,,,,,,,,,,,,,,,,,,,
2019-12-09,,,,1,1,1,9,25,152,144,144,144,152,16,,,,48,56,,,432,432,
2019-12-10,288,,,,,,,,,,,,,,,,,,,,,,,
2019-12-11,,,,,,358,,358,358,356,294,294,358,292,17,294,6,152,294,147,294,294,294,294
2019-12-12,294,,,,,,,,,,,,,,,294,294,,294,294,294,294,294,294
2019-12-13,358,294,294,,358,294,294,294,294,294,293,294,438,292,,294,294,294,294,294,6,6,292,6
2019-12-14,4,,,,,,294,294,358,294,356,294,294,358,294,294,293,293,294,294,292,358,294,293
2019-12-15,313,313,,,,358,358,294,292,358,294,358,292,,,,,4,4,36,36,53,294,294
2019-12-16,,38,294,,294,294,292,292,358,358,358,358,294,358,,294,294,294,294,358,294,294,293,2
2019-12-17,6,4,,,,,,,,,,,,,,,,,,,,,,
2019-12-18,,,,,358,358,358,358,358,358,294,294,358,292,,,358,294,294,358,358,358,294,294
2019-12-19,358,,,,,,,,,,,,,,,,,,,,,,,
2019-12-20,,49,,,,358,358,294,294,358,358,6,294,356,,294,294,294,,,,294,294,358
2019-12-21,294,,,,,,,292,,,294,358,358,,294,,294,294,,,294,294,,358
2019-12-22,358,,,,,,,,294,,294,294,294,,,,,,,,128,128,128,
2019-12-23,128,128,,,,,155,,152,147,152,144,144,144,,,154,,146,,154,152,154,22
2019-12-24,128,144,,,,,,,,,,,,,,,,,,,,,,
2019-12-25,,,,,292,292,358,292,294,294,292,292,1,292,,294,294,38,294,6,262,294,6,
2019-12-26,6,,,,,,,,,,,,,,,,,,,294,294,294,294,294
2019-12-27,294,294,,358,358,358,292,292,358,292,301,358,292,294,,18,24,24,18,18,16,147,147,154
2019-12-28,152,,,,,,,,,,,,,,0,6,1,6,6,6,6,292,4,4
2019-12-29,6,38,262,292,292,358,358,356,358,294,292,293,358,293,294,294,294,294,294,294,294,294,294,294
2019-12-30,358,,,,,,,,,,294,294,294,294,294,,,358,358,292,292,294,294,358
2019-12-31,358,358,,,,,294,358,292,292,294,294,292,,,,,,,,,,,
2020-01-01,,,,,292,,,294,294,294,294,358,358,294,294,294,292,292,294,294,294,294,294,294
2020-01-02,294,294,,,,,,,,,,,,,,,,,,,,,,
2020-01-03,,,,294,292,292,294,358,294,6,358,294,294,358,292,294,,294,358,358,294,292,294,294
2020-01-04,294,,,,,,,,,,,,,,,,,,,294,,,,
2020-01-05,,,,,,,,294,294,294,294,358,,292,,,,,294,,,294,,294
2020-01-06,358,,,,,,,,,,,,,,,294,294,358,294,358,294,294,486,358
2020-01-07,294,292,,,,294,292,292,358,358,294,358,292,,,,,,,358,294,294,294,294
2020-01-08,294,294,294,,,294,294,358,358,294,294,292,294,358,,294,310,6,294,294,310,38,38,147
2020-01-09,147,294,,,,,,,,,,,,,,,,,,,,,,
2020-01-10,,,,,1,2,1,16,9,24,37,294,292,1,19,17,57,294,294,38,38,37,37,38
2020-01-11,55,,,,,,,,,,,,,,,,,,,,,,,
2020-01-12,,,,,294,294,294,358,294,294,358,358,294,294,38,,294,294,22,18,18,50,38,36
2020-01-13,19,,,,,,,,,,,,,,,294,294,294,292,358,358,294,,292
2020-01-14,292,292,,294,,,,358,358,294,294,301,292,293,294,294,294,,294,358,,294,294,294
2020-01-15,294,,,,,,,,,,152,152,152,24,,,,176,144,144,144,144,144,144
2020-01-16,144,144,,,144,144,144,152,144,144,154,154,144,,,,,,,,,,,
2020-01-17,25,144,144,,,,155,152,144,147,144,24,25,152,294,294,294,6,6,326,294,6,294,294
2020-01-18,294,326,,,,,,,,,,,,,,,,,,,,,,
2020-01-19,,,294,358,358,294,292,358,358,356,358,358,294,294,,6,294,36,358,358,294,326,294,70
2020-01-20,294,,,,,,,,,,,,,,,,,6,0,2,2,17,0,17
2020-01-21,19,17,,1,1,6,16,24,17,24,17,17,358,25,,144,,144,16,,16,16,24,16
2020-01-22,16,,,,36,6,2,36,6,6,24,24,17,,294,292,38,6,6,6,6,294,4,1
2020-01-23,294,294,,,,,294,294,292,358,294,38,294,,,,294,,,294,294,,294,294
2020-01-24,294,294,,,,,,,292,292,,358,294,294,,294,,36,36,294,294,358,,358
2020-01-25,294,294,,,,,,,,,,,,,,,,,,,,,,
2020-01-26,,,,,,,294,294,292,358,358,358,422,358,294,294,294,37,294,294,358,294,294,294
2020-01-27,358,,,,,,,,,,,,,,,,0,1,56,56,1,0,38,2
2020-01-28,38,17,,294,292,294,358,358,294,358,294,358,294,358,294,294,294,294,294,294,294,294,294,294
2020-01-29,294,,,,,,,,,,,,,,,,,36,294,294,294,294,294,294
2020-01-30,358,36,294,294,294,358,293,294,358,294,176,294,54,49,,38,294,294,,6,6,6,38,6
2020-01-31,294,,,,294,294,294,358,294,292,292,294,358,310,294,294,294,294,294,294,294,294,294,294
2020-02-01,294,293,,,,,358,,358,294,358,358,292,,,,,,,,,,,
2020-02-02,,,,,,,,,,19,,152,152,22,16,24,16,16,24,24,16,24,16,24
2020-02-03,144,6,,,,,,,,,,,,,,,,,,,,,,
2020-02-04,,,,,294,294,293,293,1,294,6,4,17,6,154,147,147,17,152,146,18,128,144,146
2020-02-05,144,,,,,,,,,,,,,,,,,,4,6,6,4,6,6
2020-02-06,6,18,,,294,294,294,294,37,356,294,293,358,292,19,147,176,176,147,147,6,292,18,147
2020-02-07,310,,,292,152,152,152,6,294,294,294,294,294,,292,38,6,6,155,6,6,6,146,19
2020-02-08,147,128,,,,294,358,358,358,358,358,358,294,,294,294,,,294,294,294,294,294,294
2020-02-09,294,38,294,,,,,358,294,358,294,294,294,294,54,294,294,294,294,305,305,294,358,294
2020-02-10,6,294,,,,,,,,,,,,,,,,,,,,,,
2020-02-11,,,,,,144,16,24,24,24,16,24,1,16,9,24,19,144,144,16,154,24,136,152
2020-02-12,24,,,,,,,,,,,,,,,,6,294,294,294,294,294,,
2020-02-13,,,,,294,,358,358,358,292,301,294,358,358,,,294,,,294,294,294,294,294
2020-02-14,294,,,,,,,,,,,,,,,38,38,38,53,294,6,294,294,38
2020-02-15,6,38,,,356,,,294,294,294,294,294,260,293,294,294,294,294,,294,294,294,294,294
2020-02-16,294,,,,,,294,358,358,294,294,294,294,294,38,294,294,51,294,293,358,294,358,294
2020-02-17,294,294,,,,,,,,,,,,,,,,,,,,,,
2020-02-18,,,,,,,292,358,,358,292,6,294,294,6,18,144,144,54,144,128,128,154,144
2020-02-19,128,147,,,,,,,,,,,,,,,,,,,,,,
2020-02-20,,,,,358,358,358,292,358,294,292,0,294,358,294,294,294,6,18,19,17,0,17,24
2020-02-21,1,,,,,,,,,,,,,,,,,,,24,152,152,,144
2020-02-22,144,24,,,,,144,144,144,146,144,144,144,144,,,,2,,,2,6,1,1
2020-02-23,6,,,,17,24,24,176,432,144,144,17,154,154,294,294,294,6,294,294,294,38,6,6
2020-02-24,292,262,,294,358,358,358,358,292,294,294,294,294,,294,294,294,294,262,294,294,294,294,294
2020-02-25,358,358,,,,292,,294,358,358,358,358,358,358,294,294,294,294,358,358,486,294,294,294
2020-02-26,294,294,292,,,,,,,,,,,,,,,,,,,,,
2020-02-27,,,,,,,,358,294,292,358,358,358,358,294,36,294,294,,294,294,294,294,37
2020-02-28,37,,,,,,,,,,,,,,,,,,,,,,,
2020-02-29,,,,294,294,294,6,294,17,24,6,16,25,25,24,24,24,24,6,5,16,16,16,17
2020-03-01,48,,,,,,,,,,,,,,,144,144,144,128,176,176,130,128,144
2020-03-02,19,144,,,,16,24,24,24,24,144,152,144,9,,0,16,16,,,16,16,24,144
2020-03-03,16,144,17,,,,,48,24,24,16,24,48,48,,17,17,9,313,16,288,17,304,1
2020-03-04,9,8,,,,,,,,,,,,,,,,,,,,,4,1
2020-03-05,1,4,19,,,,294,,294,,294,294,294,294,,6,6,6,38,294,54,6,326,358
2020-03-06,150,310,,,,,,,,,,,,,,,,,,,,,,
2020-03-07,,,358,358,358,358,294,294,292,294,292,294,293,358,,6,,,6,38,4,6,4,6
2020-03-08,6,,,,,,,,,,,,,,,,,144,16,144,16,56,0,0
2020-03-09,16,16,17,,,144,144,54,49,6,6,6,147,294,,6,,6,4,2,16,18,6,19
2020-03-10,6,,,,18,,6,6,,38,38,6,294,6,,144,,144,144,144,144,,144,144
2020-03-11,144,144,,,,16,,,16,19,144,144,144,,,17,16,19,19,,16,19,18,18
2020-03-12,,,152,,,152,176,176,176,144,152,176,176,144,,144,152,152,144,25,152,17,24,144
2020-03-13,144,144,,,,,,,,,,,,,,,,,,,,,,
2020-03-14,,,,,17,,,38,38,6,6,152,144,17,,,294,6,262,294,294,358,6,36
2020-03-15,294,,,,,,,,,,,,,,,,,,,146,184,184,,144
2020-03-16,144,,,,152,,146,19,154,154,19,22,51,358,,294,358,358,,358,358,294,294,
2020-03-17,294,,,,,,,,,,,,,,,17,,145,,57,,432,25,25
2020-03-18,144,176,,,,152,146,144,19,301,6,144,57,144,16,33,4,1,25,16,17,0,0,6
2020-03-19,0,16,152,,36,294,294,294,358,294,292,294,294,294,17,294,146,294,294,294,294,294,294,6
2020-03-20,292,294,,,,,,,,,,,,,,,,,,,,,,
2020-03-21,,,,,152,16,147,147,22,176,55,155,24,293,294,36,358,294,294,294,390,294,294,294
2020-03-22,294,294,,,,,,,,,,,,,,,,,,,,,,
2020-03-23,,,,294,,,294,294,326,51,293,17,1,9,38,6,6,6,38,6,6,130,358,147
2020-03-24,176,,,,,,,,,,,,,,,,294,294,,294,294,294,358,294
2020-03-25,294,294,,,56,51,22,22,54,152,6,144,128,144,,294,4,294,294,6,262,6,4,4
2020-03-26,6,,,,,138,146,146,146,19,19,146,128,128,147,144,144,154,16,25,25,176,154,25
2020-03-27,48,24,,,,,,128,48,24,17,16,24,24,144,502,128,144,294,6,38,144,144,144
2020-03-28,152,152,176,,,,294,358,358,294,294,294,294,294,294,294,358,294,,294,358,294,294,358
2020-03-29,294,294,,,,,,,,,,,,,,,,,,,,,,
2020-03-30,,,,130,152,24,154,152,152,24,9,17,24,24,54,294,358,358,294,326,454,454,262,358
2020-03-31,358,,,,,,,,,,,,,,,,,,,2,,,,
2020-04-01,,,,,,1,1,9,8,37,24,16,56,25,152,144,144,144,18,17,146,19,49,17
2020-04-02,19,,,,,,,,,,,,,,,294,294,294,36,294,292,38,294,294
2020-04-03,6,292,294,358,294,294,358,292,292,292,358,292,356,356,155,176,144,144,144,144,144,,,128
2020-04-04,154,155,144,,,,,147,16,294,18,18,16,358,,294,294,6,6,294,294,294,6,6
2020-04-05,6,294,,,,,,,,,,,,,,,,,,,,,,
2020-04-06,,,4,,,9,9,24,2,18,24,9,0,33,,144,128,144,144,130,128,128,130,130
2020-04-07,128,128,,,,,,,,,,,,,,,,,,,,,,
2020-04-08,,,,,294,294,294,358,356,356,0,292,358,301,,6,6,18,17,6,146,131,6,6
2020-04-09,6,,,,,,,,,,,,,,,,0,4,4,,6,6,6,6
2020-04-10,6,6,294,,,,,294,294,358,294,292,294,358,,294,358,294,294,294,294,358,262,38
2020-04-11,294,,,,292,,294,294,294,294,294,294,294,294,294,294,294,294,294,6,294,6,6,358
2020-04-12,294,358,,19,49,6,17,294,6,358,294,294,292,6,38,4,6,0,6,4,17,36,17,18
2020-04-13,17,19,2,,,,294,294,358,292,294,24,294,294,294,294,294,294,6,294,18,262,38,294
2020-04-14,358,358,,,,,,,,,,,,,,,,,,,,,,
2020-04-15,,,24,1,292,294,326,292,292,297,1,6,297,438,,294,358,358,358,294,38,6,358,294
2020-04-16,294,,,,,,,,,,,,,,,,,294,294,294,294,294,294,294
2020-04-17,294,294,,,24,18,18,8,8,24,18,16,154,144,,6,6,2,2,4,4,294,294,326
2020-04-18,,,,,,,,,,,,,,,,38,6,6,294,4,4,22,22,144
2020-04-19,146,146,,294,294,294,358,294,294,294,293,292,56,25,38,294,6,262,6,6,294,6,38,38
2020-04-20,38,38,6,,,144,144,144,146,144,152,144,144,144,,6,17,17,6,6,5,6,6,6
2020-04-21,6,6,,,,,,,,,,,,,,,,,,294,6,38,6,6
2020-04-22,6,38,6,,294,294,294,49,358,292,294,292,294,292,294,294,294,294,4,38,36,38,262,294
2020-04-23,294,152,,,,,,,,,,,,,,,,,,,,,,
2020-04-24,,,,358,358,358,294,294,294,358,294,294,294,439,,6,358,358,294,358,358,6,326,294
2020-04-25,294,,,,,,,,,,,,,,,,,6,6,6,6,6,4,6
2020-04-26,70,70,,358,294,292,293,292,294,292,294,260,317,293,,6,4,326,38,4,4,6,262,6
2020-04-27,326,,,,,,294,294,294,294,294,294,294,294,160,18,128,138,128,128,146,128,128,138
2020-04-28,130,128,,294,294,294,358,294,294,292,294,294,292,,294,6,262,6,6,6,6,6,18,6
2020-04-29,6,262,6,,294,294,294,294,292,294,294,294,294,294,6,6,4,6,6,6,6,6,2,1
2020-04-30,1,4,294,,,,,,,,,,,,,,,,,,,,,
2020-05-01,,,,,,,,294,38,19,294,154,153,294,19,6,6,147,128,154,176,19,130,130
2020-05-02,16,,,,,,,,,,,,,,,,,4,6,6,6,6,6,6
2020-05-03,6,6,,294,294,294,358,294,294,358,294,294,358,358,,262,4,4,6,4,262,6,6,6
2020-05-04,6,,,,,,,,,,,,,,,294,358,326,326,294,358,358,358,294
2020-05-05,38,358,,,,294,294,294,358,358,294,301,358,294,,6,6,4,6,6,6,6,6,6
2020-05-06,6,6,4,,,294,294,294,294,292,294,294,292,292,,,6,6,6,6,6,4,4,4
2020-05-07,4,6,,,,,,,,,,,,,,,,,,,,,,
2020-05-08,,,,,294,294,22,154,144,144,144,144,152,144,326,154,147,6,294,6,326,4,150,150
2020-05-09,294,152,,,,,,,,,,,,,,,,,,,,,,
2020-05-10,,,4,,176,176,155,155,19,19,152,152,294,152,,0,6,6,6,176,144,144,144,176
2020-05-11,17,,,,,,,,,,,,,,,,,128,24,24,,128,0,0
2020-05-12,128,128,,,294,358,292,294,294,358,292,292,358,294,,6,38,38,6,6,6,6,6,6
2020-05-13,6,,,,6,294,6,6,6,294,294,294,1,37,262,262,4,4,6,38,262,262,262,262
2020-05-14,326,6,,,294,294,294,358,294,294,294,294,294,,130,138,130,130,51,6,,6,146,146
2020-05-15,6,6,130,,153,154,154,152,144,154,154,154,155,147,294,262,262,326,262,6,262,358,262,262
2020-05-16,294,294,,,,,,,,,,,,,,,,,,,,,,
2020-05-17,,,,,,294,358,294,294,358,294,292,294,292,,38,326,326,,262,326,6,70,262
2020-05-18,326,,,,,,,,,,,,,,,,,,,6,6,,6,6
2020-05-19,6,6,17,294,294,292,292,6,293,292,294,4,4,294,,6,1,6,6,6,6,6,0,0
2020-05-20,0,,,,,,,,,,,,,,,262,262,262,294,294,326,262,262,326
2020-05-21,358,262,,,,293,358,358,358,358,358,294,358,292,262,294,358,294,294,294,294,294,294,294
2020-05-22,294,,,,,,,294,294,294,294,358,294,294,,358,358,358,326,294,294,294,294,358
2020-05-23,358,38,,,,294,292,292,294,292,292,292,294,,,,,,,,,,38,38
2020-05-24,6,4,6,,38,294,147,147,144,144,128,128,49,144,6,6,38,38,38,294,326,326,358,358
2020-05-25,262,6,,,,,,,,,,,,,,,,,,,,,,
2020-05-26,,,294,294,358,294,358,358,294,292,294,294,294,292,,,6,6,,6,6,70,6,2
2020-05-27,2,,,,,,,,,,,,,,,,4,4,4,4,6,6,6,262
2020-05-28,6,6,,,,,4,326,326,292,358,358,358,358,0,6,4,24,24,144,18,18,18,2
2020-05-29,0,,,,,6,,6,6,6,6,0,0,0,,4,1,1,1,0,0,1,1,1
2020-05-30,1,4,,294,292,36,294,292,292,294,292,292,292,,,6,0,0,4,0,0,1,0,0
2020-05-31,0,0,0,,294,358,294,294,38,358,294,358,294,292,4,4,6,6,6,6,6,6,1,4
2020-06-01,4,4,,,,,,,,,,,,,,,,,,,,,,
2020-06-02,,,,294,294,292,292,292,301,292,294,19,358,19,0,,6,6,6,,6,17,17,17
2020-06-03,17,,,,,,,,,,,,,,,,,0,0,,,0,0,
2020-06-04,,,,,,,358,294,358,294,358,358,,292,,,,,,,,24,18,18
2020-06-05,144,,,,,,,,,,,,,,,24,16,24,24,9,16,9,1,9
2020-06-06,73,73,,24,17,18,37,4,294,33,25,24,309,41,1,,16,16,0,0,1,0,2,2
2020-06-07,24,,,,,36,294,294,294,292,294,292,293,294,,262,262,292,326,358,6,262,326,326
2020-06-08,358,358,,,,358,294,294,294,294,292,292,292,,,,,,0,6,6,,,
2020-06-09,,,,292,294,294,358,292,292,358,292,292,358,292,294,358,294,294,358,358,358,358,358,294
2020-06-10,358,358,,,,,,,,,,,,,,,,,,,,,,
2020-06-11,,,,294,184,294,260,294,292,36,260,294,6,293,146,0,146,153,152,19,152,18,144,176
2020-06-12,144,,,,,,,,,,,,,,,,,17,17,17,16,24,17,16
2020-06-13,24,16,,17,36,33,294,294,294,294,294,37,294,4,,24,24,1,1,1,16,16,16,6
2020-06-14,6,,,,,152,,147,18,147,147,24,24,,16,2,6,2,0,0,0,0,1,0
2020-06-15,24,0,,,25,144,6,4,293,1,4,294,152,,,,128,152,1,16,0,16,0,1
2020-06-16,2,2,17,,,,144,17,38,38,2,9,19,19,,,130,130,,130,144,130,130,130
2020-06-17,130,152,0,,,,,,,,,,,,,,,,,,,,,
2020-06-18,,,,309,294,294,358,358,294,358,358,155,294,57,6,358,6,51,6,2,176,176,6,294
2020-06-19,70,,,,,,,,,,,,,,,,,6,,,,,,6
2020-06-20,262,294,,4,294,37,37,294,294,358,358,358,292,294,6,326,326,326,38,6,6,6,6,326
2020-06-21,326,,,,,,,,,,,,,,,6,6,6,6,6,294,4,4,6
2020-06-22,6,6,294,294,294,36,294,294,358,294,294,358,292,292,6,6,6,6,6,6,6,6,6,6
2020-06-23,6,,,,38,,38,,292,294,294,294,294,294,,1,6,6,6,1,146,6,6,6
2020-06-24,6,70,,2,19,38,19,154,154,144,154,154,144,,,,,,,,,17,16,24
2020-06-25,1,17,24,,,,144,144,24,24,152,130,152,16,,,,152,6,0,18,18,2,2
2020-06-26,2,24,,,,,,,,,,,,,,,,,,,,,,
2020-06-27,,,,294,294,292,294,326,262,294,294,294,294,19,1,152,146,6,1,19,18,152,155,144
2020-06-28,128,,,,,,,,,,,,,,,,24,2,18,24,24,17,24,24
2020-06-29,1,17,292,38,358,294,358,292,294,294,294,309,293,294,,6,6,6,6,6,1,4,4,37
2020-06-30,1,,,,,6,6,38,4,38,6,294,6,6,6,6,6,6,4,6,4,6,0,6
2020-07-01,6,4,,6,,294,294,294,294,6,358,38,294,,,,144,24,,152,24,24,144,16
2020-07-02,16,144,16,,,,,9,0,1,0,9,1,0,,17,17,17,17,24,2,18,17,17
2020-07-03,2,2,,,,,,,,,,,,,,,,,,,,,,
2020-07-04,,,,6,4,294,294,6,6,6,17,144,24,16,,,,2,25,24,152,6,6,152
2020-07-05,152,,,,,,,,,,,,,,,,,,,,,,,
2020-07-06,,,,,16,19,24,1,16,16,2,1,6,6,,,0,1,1,1,24,17,1,1
2020-07-07,25,,,,,,,,,,,,,,,,,,,1,1,24,24,1
2020-07-08,1,17,6,,294,292,9,24,16,17,17,19,293,294,,,,,,,,,0,
2020-07-09,6,,,,,292,294,294,6,294,294,294,358,326,,0,9,,19,6,6,6,6,2
2020-07-10,70,0,,,,,,6,6,36,36,36,17,,,,,,,,,,,
2020-07-11,0,0,1,,,358,36,6,294,294,294,292,292,294,0,2,6,18,0,0,6,4,4,4
2020-07-12,4,4,,,,,,,,,,,,,,,,,,,,,,
2020-07-13,,,262,16,16,24,17,9,9,24,8,25,144,16,,0,4,4,0,0,6,0,1,6
2020-07-14,147,,,,,,,,,,,,,,,,,1,1,,,1,1,1
2020-07-15,1,24,,25,24,153,73,24,24,144,0,24,24,144,,,17,0,,2,1,2,0,0
2020-07-16,1,,,,,,6,6,294,294,294,294,294,,24,128,128,128,,152,128,128,147,128
2020-07-17,128,128,,,,,24,144,144,153,6,2,0,,,0,0,,0,0,0,0,24,1
2020-07-18,1,24,24,,1,17,24,17,0,17,144,1,16,152,,,,,,154,152,17,6,18
2020-07-19,24,128,25,,,,,,,,,,,,,,,,,,,,,
2020-07-20,,,,6,6,1,38,1,0,24,24,41,1,1,,24,17,24,17,24,16,24,17,24
2020-07-21,24,,,,,,,,,,,,,,,,,,24,,,,16,16
2020-07-22,1,,,,,,24,6,24,24,25,24,24,17,,,,144,144,176,144,144,18,144
2020-07-23,18,,,,,,,,,,,,,,,,144,128,128,128,128,138,146,176
2020-07-24,128,144,,,,24,24,1,1,1,0,9,24,0,16,16,24,16,146,144,24,24,16,128
2020-07-25,16,,,,,,,,1,9,,1,16,24,,24,24,,24,144,24,24,144,24
2020-07-26,24,16,,,,,25,0,17,9,9,9,9,,,,,,,,,,,16
2020-07-27,24,24,24,,1,1,6,152,18,18,4,4,4,38,,17,2,154,17,17,25,2,2,24
2020-07-28,24,1,,,,,,,,,,,,,,,,,,,,,,
2020-07-29,,,,,,,,,,0,294,294,1,1,,24,,2,,18,19,2,128,
2020-07-30,144,,,,,,,,,,,,,,,,24,,17,17,1,18,17,2
2020-07-31,16,24,,6,6,358,358,358,294,294,294,4,292,294,,0,0,0,17,17,17,9,17,2
2020-08-01,1,,,,49,19,17,,146,,19,152,19,38,,17,144,2,16,16,144,1,1,128
2020-08-02,17,17,,,16,0,0,,16,16,9,16,144,,,,,,0,0,,0,0,1
2020-08-03,0,0,2,,1,17,1,24,24,24,19,6,24,24,,,,2,1,,6,1,0,0
2020-08-04,6,1,,,,,,,,,,,,,,,,,,,,,,
2020-08-05,,,,,6,294,184,184,292,294,6,326,54,6,1,6,6,6,,2,2,2,19,19
2020-08-06,17,,,,,,,,,,,,,,,,,19,,24,16,144,144,144
2020-08-07,144,144,,16,,,24,16,144,17,8,8,1,24,24,2,2,17,1,1,1,25,2,19
2020-08-08,152,,,,,,,,,,,,,,,,,,,,17,24,1,1
2020-08-09,16,16,,,19,16,17,19,19,16,144,25,2,6,,,,,,,,16,,16
2020-08-10,16,16,16,,,,6,262,6,6,38,6,6,6,,,2,,,,16,0,0,9
2020-08-11,9,9,,,,,6,38,38,294,,6,4,,,,,,,,,,,
2020-08-12,,,,,6,19,19,152,147,147,294,38,38,293,,6,,,6,0,0,1,1,6
2020-08-13,6,2,,,,,,,,,,,,,,,,,,,,,,
2020-08-14,,,,294,,,6,6,49,18,152,292,144,24,,17,,,6,6,6,6,0,0
2020-08-15,0,,,,,,,,,,,,,,,,,1,1,,0,,2,24
2020-08-16,24,24,2,16,16,16,16,2,16,16,24,16,144,144,16,17,16,24,16,16,24,0,0,0
2020-08-17,0,0,0,0,2,1,1,24,0,1,1,0,0,0,2,9,9,9,9,0,1,0,0,0
2020-08-18,0,1,0,1,25,1,1,1,25,16,16,24,24,24,8,8,25,25,24,16,16,16,152,19
2020-08-19,0,18,152,2,147,144,0,1,24,2,16,24,16,152,1,,128,0,25,147,144,0,1,24
2020-08-20,146,64,16,24,154,144,24,160,146,6,2,17,24,24,130,,16,16,16,0,144,2,2,128
2020-08-21,147,24,25,9,9,16,144,25,16,16,146,146,16,160,152,144,,1,16,16,17,144,24,9
2020-08-22,1,16,16,144,24,6,19,152,154,24,9,9,144,144,16,16,16,16,24,1,24,16,24,19
2020-08-23,147,24,147,1,17,8,1,17,154,24,16,152,16,16,24,16,16,24,1,19,24,24,144,19
2020-08-24,6,144,2,24,128,24,9,147,24,144,128,176,0,147,,16,8,16,144,,9,16,24,1
2020-08-25,19,6,24,16,16,16,144,6,24,24,16,16,16,144,16,16,128,,1,144,16,16,144,19
2020-08-26,6,144,24,146,176,24,64,128,1,25,24,16,128,16,17,24,154,0,6,144,2,24,16,16
2020-08-27,16,,152,147,147,24,19,25,16,25,24,16,24,16,24,128,144,1,147,16,16,24,24,1
2020-08-28,152,147,1,16,144,24,147,144,147,1,155,1,24,16,16,24,18,144,152,144,17,9,144,1
2020-08-29,9,1,144,144,176,1,9,9,144,128,144,146,147,154,,,,,,,16,144,154,144
2020-08-30,9,144,,,,144,9,9,24,,,,,,16,16,16,,,16,24,17,25,24
2020-08-31,25,16,,,,,144,1,1,128,,,,,,,0,24,24,16,24,9,9,17
2020-09-01,144,2,0,24,25,24,24,1,2,16,,,,,146,144,24,16,1,,,,,
2020-09-02,24,24,16,19,24,2,9,1,9,16,8,,,,,4,1,1,6,6,4,6,6,6
2020-09-03,6,4,,,,358,,,,294,326,292,294,,,,,,,,,2,2,2
2020-09-04,0,1,0,,,294,294,294,294,358,294,358,294,294,,326,326,326,326,262,70,36,292,6
2020-09-05,4,4,294,,,,,,,,,,,,,,,,,,,,,
2020-09-06,,,,,294,294,4,260,4,294,294,324,292,326,,,4,,6,,2,17,17,1
2020-09-07,1,,,,,,,,,,,,,,,,,,,,,,,
2020-09-08,,,,358,294,262,6,294,294,294,292,6,294,293,24,2,24,24,147,1,144,0,146,6
2020-09-09,154,,,,,,,,,,,,,,,9,0,1,25,25,152,24,24,24
2020-09-10,25,24,356,356,358,358,356,4,294,292,292,326,324,292,,,1,1,25,19,24,2,24,152
2020-09-11,24,,,,,358,262,358,358,6,292,358,6,,,,,,,,0,,0,0
2020-09-12,6,6,,,,,358,358,358,,294,294,,,,,,,,,,,,
2020-09-13,,,,,,154,144,144,144,152,144,152,144,144,,128,2,152,24,153,153,9,25,16
2020-09-14,9,9,,,,,,,,,,,,,,,,,,,,,,
2020-09-15,,,,,,294,4,326,326,294,358,6,6,294,,,,,1,,19,,18,1
2020-09-16,17,,,,,,,,,,,,,,,,,1,,,,24,17,17
2020-09-17,18,1,,294,358,294,358,358,358,358,294,358,358,294,,1,1,1,1,1,1,17,17,17
2020-09-18,0,,,,,,,294,294,294,294,294,6,326,24,24,24,24,1,24,2,2,2,16
2020-09-19,1,1,,358,358,294,294,358,358,294,358,292,292,,,,6,6,6,6,6,4,6,4
2020-09-20,4,4,0,,358,,294,294,294,358,358,294,358,358,4,6,6,6,4,4,6,6,4,6
2020-09-21,36,36,,,,,,,,,,,,,,,,,,,,,,
2020-09-22,,,,,,,294,,,294,294,358,358,358,4,,,262,,6,4,4,4,4
2020-09-23,262,,,,,,,,,,,,,,,,0,,4,,,6,6,
2020-09-24,,,,,,,,358,292,294,358,358,358,358,4,0,0,,6,4,6,6,6,6
2020-09-25,6,,,,,,,,,,,,,,,0,294,294,,6,,6,4,6
2020-09-26,6,6,292,,,294,294,294,294,358,294,358,294,358,,6,6,6,6,6,6,6,4,6
2020-09-27,6,,,,292,294,294,294,294,294,294,294,310,294,292,358,6,326,326,294,326,326,358,358
2020-09-28,70,2,294,301,301,301,294,356,292,292,294,358,358,,,,,,,,,,,
2020-09-29,,,,,,358,294,358,294,358,292,358,358,358,,,,,,294,294,294,294,358
2020-09-30,358,294,,,,,,,,,,,,,,,,,,,,,,
2020-10-01,,,,,,,358,292,292,358,358,262,358,294,326,294,294,358,358,358,294,294,326,294
2020-10-02,358,,,,,,,,,,,,,,,,,,,6,294,294,294,4
2020-10-03,4,4,,,358,,294,294,292,358,18,294,18,6,,4,,358,358,294,326,294,294,358
2020-10-04,358,,,294,294,358,358,358,358,294,294,,,,,6,,,294,294,70,70,36,36
2020-10-05,4,6,,358,,294,294,294,292,356,358,358,294,,,,,,294,38,6,294,294,38
2020-10-06,294,326,326,,,,,,,,,294,,,,,,,,,,294,358,358
2020-10-07,358,358,,,,,,,,,,,,,,,,,,,,,,
2020-10-08,,,,,294,,294,294,294,294,294,294,292,292,,,294,,294,358,294,294,358,358
2020-10-09,294,,,,,,,,,,,,,,,,,,,,,,,294
2020-10-10,294,,,,292,358,294,293,358,358,358,358,358,358,294,294,294,294,294,294,326,326,358,294
2020-10-11,358,,,,,,,,,,,,,,,4,4,38,262,262,6,6,262,6
2020-10-12,294,4,,292,,294,294,294,6,443,294,152,358,18,,,,,,326,294,294,294,294
2020-10-13,294,,,,,,,294,,294,294,294,294,,,,,,,,294,,,6
2020-10-14,358,292,,,,,,,358,358,358,358,292,,,,,,,,,,,
2020-10-15,,,,,292,,358,179,153,294,358,292,292,292,,358,358,292,292,358,294,292,292,22
2020-10-16,57,128,,,294,294,294,294,294,294,292,292,292,,,,,,,,,,,
2020-10-17,,,,,358,358,358,294,294,292,293,358,358,358,,294,294,358,294,358,358,4,292,292
2020-10-18,294,,,,,,,,,,,,,,,,,294,294,,294,294,,358
2020-10-19,294,294,,,294,,292,294,292,358,358,358,294,358,,,294,294,,294,294,,292,6
2020-10-20,6,,,,,294,,294,294,294,294,294,294,,294,358,,,294,358,294,294,294,294
2020-10-21,294,292,,,294,,,294,294,294,356,292,293,,,38,,,294,6,,262,,294
2020-10-22,,294,,,,,294,294,294,294,294,294,358,4,6,6,6,294,294,4,6,6,6,6
2020-10-23,292,294,,,,,,,,,,,,,,,,,,,,,,
2020-10-24,,,358,294,358,292,358,292,292,292,292,294,292,155,294,38,38,38,17,17,147,147,144,128
2020-10-25,128,,,,,,,,,,,,,,,,146,146,144,144,154,154,154,154
2020-10-26,144,144,,,0,25,9,41,9,9,0,9,265,304,,,,294,358,6,438,6,438,292
2020-10-27,502,,,,,,,,,,,,,,,1,1,1,,0,4,4,0,9
2020-10-28,1,9,,,1,0,0,36,260,4,4,37,0,25,,294,294,6,38,4,36,294,36,6
2020-10-29,6,,,,,358,358,358,294,358,358,292,358,294,,294,294,294,262,294,6,36,294,6
2020-10-30,292,358,,,294,,294,294,294,358,358,358,356,,,,,,,,,,,
2020-10-31,,,,,,,,,,17,440,186,186,294,,144,144,186,186,70,130,294,294,454
2020-11-01,326,144,,,,,,,,,,,,,,,,,,,,,,
2020-11-02,,,,358,358,358,293,358,326,49,24,17,16,16,,6,262,262,22,358,294,36,36,4
2020-11-03,6,,,,,,,,,,,,,,,,,,4,,294,,,
2020-11-04,4,4,,,,,,,358,,292,294,356,358,,0,,6,6,6,262,262,6,6
2020-11-05,326,,,,294,,294,358,358,294,358,358,358,,294,294,294,358,358,358,358,294,292,294
2020-11-06,292,292,,294,,358,292,294,294,292,293,292,301,36,6,,4,38,38,38,0,1,1,38
2020-11-07,4,6,6,,294,294,358,292,292,294,294,356,294,292,260,262,6,4,4,292,294,6,6,6
2020-11-08,6,4,1,,,,,,,,,,,,,,,,,,,,,
2020-11-09,,,,358,,292,358,292,358,294,6,4,0,4,310,294,38,294,294,358,358,6,294,422
2020-11-10,6,,,,,,,,,,,,,,,,,36,,294,,,294,
2020-11-11,,,,,,,,,294,294,358,294,292,294,,294,294,294,294,294,294,294,358,358
2020-11-12,294,,,,,,,,,,,,,,,18,,1,,294,294,294,294,294
2020-11-13,,2,,358,358,358,358,358,358,292,358,294,292,24,1,,6,6,,6,6,6,2,0
2020-11-14,0,,,,,,294,358,292,292,294,292,292,292,294,294,358,292,292,358,294,294,358,358
2020-11-15,358,358,,,,,356,292,358,358,358,292,292,,,,,,,,,,,
2020-11-16,,,,,,,,,358,,294,294,294,294,,,260,,,,358,358,6,294
2020-11-17,294,294,,,,,,,,,,,,,,,,,,,,,,
2020-11-18,,,292,358,358,,358,292,292,301,292,292,356,292,,,,,6,294,294,294,294,6
2020-11-19,6,,,,,,,,,,,,,,,,,,36,,,,,6
2020-11-20,4,4,,,,,,358,358,358,294,292,292,292,,6,,6,6,6,36,4,4,6
2020-11-21,6,,,,,,,,294,358,292,,294,,,,144,,154,130,6,19,0,18
2020-11-22,18,154,,,294,292,292,294,292,294,293,358,358,,6,25,2,4,1,152,17,147,152,144
2020-11-23,128,17,144,24,152,152,152,152,144,356,292,356,292,324,154,154,146,154,19,144,154,19,17,25
2020-11-24,0,144,,,,,,,,,,,,,,,,,,,,,,
2020-11-25,,,,,292,,,,294,294,293,292,294,358,294,358,358,,294,292,358,292,358,294
2020-11-26,294,,,,,,,,,,,,,,,,,,,,,,,
2020-11-27,,,,,,144,,49,292,49,49,152,152,144,,,294,294,292,358,294,358,294,358
2020-11-28,294,,,,,,,,,,,,,,,294,294,,,356,356,356,356,292
2020-11-29,294,294,,292,,,292,294,292,358,294,358,358,293,294,292,358,294,294,294,294,294,294,294
2020-11-30,294,,,,,,292,294,294,292,293,292,292,309,,,,294,,294,294,294,358,292
2020-12-01,358,292,,,,294,,292,294,358,358,356,358,,,,,,,,,,,
2020-12-02,,,,,,,,,358,294,293,294,294,358,4,294,358,294,294,38,358,294,358,356
2020-12-03,0,292,,,,,,,,,,,,,,,,,,,,,,
2020-12-04,,,,,,,358,358,358,294,294,356,356,358,,292,358,294,358,358,358,294,358,294
2020-12-05,294,,,,,,,,,,,,,,,,,,,,,,,
2020-12-06,,,,292,,292,,,358,358,294,358,358,294,,36,,,358,,,36,36,292
2020-12-07,,,,,,,,,,,,,,,,18,,6,6,38,38,37,37,293
2020-12-08,293,147,,,292,,292,294,294,358,292,358,356,,,,,,,,,,,294
2020-12-09,294,,,,,,,,,294,358,4,294,292,292,,358,,33,358,294,358,294,292
2020-12-10,294,292,358,,,,,,,,,,,,,,,,,,,,,
2020-12-11,,,,292,292,358,358,292,356,17,292,358,310,294,294,358,294,294,294,358,292,294,294,292
2020-12-12,294,,,,,,,,,,,,,,,,,,,,38,294,294,18
2020-12-13,18,294,1,1,1,1,1,9,37,358,393,358,486,422,,294,,,294,294,294,294,294,358
2020-12-14,292,,,,,,,,,,,,,,,,,24,16,16,16,24,16,6
2020-12-15,6,19,,292,292,292,358,294,294,358,292,294,294,292,294,294,294,358,,294,358,358,294,294
2020-12-16,294,,,,,,292,,292,292,292,356,358,358,,292,292,292,292,294,294,294,358,294
2020-12-17,358,292,,,,,,293,293,292,358,292,292,,,,,,,,,,,
2020-12-18,292,294,294,,,,4,4,19,22,19,152,128,154,147,128,,130,128,144,152,154,38,154
2020-12-19,146,144,,,,,,,,,,,,,,,,,,,,,,
2020-12-20,,,,,297,,292,292,292,358,292,358,358,358,,,,294,358,294,292,294,358,294
2020-12-21,358,,,,,,,,,,,,,,,,,,,,17,,,
2020-12-22,,36,,,,,,,,292,358,293,301,358,,18,18,153,153,152,147,147,144,36
2020-12-23,24,,,,,293,,154,154,38,38,294,55,,292,292,292,294,294,294,294,294,358,22
2020-12-24,294,294,,,,,,301,292,294,292,358,358,,,,,,,154,152,,,18
2020-12-25,154,,24,,,,,,292,294,292,292,,294,,,,25,56,56,,432,432,
2020-12-26,152,25,,,,,,,,,,,,,,,,,,,,,,
2020-12-27,,,,,294,294,358,293,358,294,294,294,358,293,,292,,,292,358,294,294,358,358
2020-12-28,292,,,,,,,,,,,,,,,,,,,,,,,6
2020-12-29,294,294,,,,294,356,356,292,292,54,317,292,294,292,294,4,6,294,294,294,294,6,358
2020-12-30,6,,,,,,,,,,,,,,16,24,24,24,25,25,25,153,25,48
2020-12-31,0,184,,292,,,,358,294,292,294,294,294,358,,,,,,,,,,
2021-01-01,,,,,,,,,,294,294,294,358,358,,6,,,,,,1,17,294
2021-01-02,294,294,,,,,,294,294,358,326,294,292,,,,,,,,,,,
2021-01-03,,,,,,294,,294,294,358,358,294,358,358,,294,55,294,358,358,294,294,294,294
2021-01-04,294,358,,,,,,,,,,,,,,,,,,,,,,
2021-01-05,,,,,,292,294,294,294,309,317,356,358,294,,294,6,152,18,152,6,38,38,154
2021-01-06,18,,,,,,,,,,,,,,,,,,292,,294,,,294
2021-01-07,294,294,,,,294,,,294,294,,356,292,358,,,294,,294,358,294,294,,294
2021-01-08,38,,,,,,,,,,,,,,,,,,4,294,294,294,294,292
2021-01-09,292,292,,184,6,9,9,6,56,56,292,311,144,,,,294,294,294,294,294,294,294,19
2021-01-10,294,294,294,,,,,326,358,358,358,294,358,292,,36,1,257,1,1,1,1,9,9
2021-01-11,8,0,,,,,,,,,,,,,,,,,,,,,,
2021-01-12,,,,,,,,,292,293,358,292,294,356,,294,,294,294,294,294,294,294,294
2021-01-13,294,,,,,,,,,,,,,,,,,,,,,294,294,294
2021-01-14,294,294,,144,,144,144,144,144,144,160,406,54,294,128,136,128,138,138,130,130,128,19,18
2021-01-15,2,,,,,,,,,,,,,,,294,,294,294,294,294,294,,294
2021-01-16,294,294,,292,,292,294,292,358,358,358,358,358,358,152,128,128,152,144,18,128,147,147,150
2021-01-17,36,,,,,,292,,,294,294,294,294,294,292,294,294,294,292,6,6,292,294,294
2021-01-18,292,358,,,,294,294,294,294,358,292,292,292,,,,,,,,,,,
2021-01-19,,,,0,24,25,24,0,24,17,4,17,358,292,48,16,24,16,152,16,144,0,24,16
2021-01-20,16,24,,,,,,,,,,,,,,,,,,,,,,
2021-01-21,,,,,,,,,9,301,73,297,9,1,1,2,9,9,41,9,9,41,1,41
2021-01-22,41,,,,,,,,,,,,,,,,,,,,,38,4,4
2021-01-23,,4,294,,,294,294,294,292,293,292,301,358,293,,294,294,294,294,294,294,294,,
2021-01-24,4,,,,,,,,294,294,294,294,294,,6,36,36,6,6,4,6,37,36,176
2021-01-25,17,17,,294,294,358,326,294,292,292,356,292,293,,6,1,6,6,6,6,36,6,38,292
2021-01-26,48,37,1,,0,1,0,9,292,292,4,292,1,25,6,56,16,17,17,293,19,4,4,153
2021-01-27,70,70,,,,,,,,,,,,,,,,,,,,,,
2021-01-28,,,,,6,313,152,153,17,152,70,153,262,313,,17,16,16,6,17,6,24,24,6
2021-01-29,17,,,,,,,,,,,,,,,,,,,,,,33,9
2021-01-30,9,9,358,358,297,356,292,4,24,6,326,358,358,294,294,294,294,294,292,358,358,358,294,294
2021-01-31,358,,,,,,,,,,,,,,,358,294,358,358,294,294,358,294,292
2021-02-01,292,36,,292,292,294,294,294,358,37,294,294,301,356,1,1,1,,16,16,,0,0,294
2021-02-02,292,,,,,,,,,25,292,6,6,6,,6,,292,292,4,294,6,292,294
2021-02-03,1,,,,,,2,0,0,0,294,292,292,,,,,,,,,1,4,17
2021-02-04,17,0,0,,152,136,2,24,19,136,24,16,17,6,358,294,6,294,262,294,294,6,6,294
2021-02-05,36,6,,,,,,,,,,,,,,,,,,,,,,
2021-02-06,,,,292,292,292,294,358,358,358,358,358,358,429,,294,294,294,358,294,294,294,294,358
2021-02-07,358,,,,,,,,,,,,,,,,,,,294,294,294,294,294
2021-02-08,294,294,294,294,37,294,6,294,309,311,144,176,176,184,,294,294,358,,294,294,358,294,358
2021-02-09,358,,,,292,,,294,294,294,294,294,294,,292,294,294,,294,294,294,292,294,358
2021-02-10,358,294,,,294,38,38,294,6,292,294,265,292,,146,146,6,6,,154,130,128,154,6
2021-02-11,146,130,128,,,,292,,,294,358,294,292,358,,294,294,294,294,358,358,292,292,292
2021-02-12,358,292,,,,,,,,,,,,,,,,,,,,,,
2021-02-13,,,56,153,32,432,144,144,24,56,25,16,185,293,6,38,38,6,6,18,6,6,36,36
2021-02-14,36,,,,,,,,,,,,,,,,57,41,176,51,6,6,48,25
2021-02-15,304,56,,292,324,324,293,0,356,0,1,1,1,1,,1,0,0,0,0,1,1,1,1
2021-02-16,24,,,,,,,,,,,,,,6,292,292,4,1,4,36,294,1,33
2021-02-17,292,292,,,4,4,6,294,292,9,153,153,152,184,17,36,6,38,6,6,38,6,6,6
2021-02-18,1,,,,,17,24,9,9,38,294,294,25,6,,1,6,294,6,262,6,6,36,36
2021-02-19,36,0,,358,,,292,292,292,,,356,294,,,,,,,,,,,
2021-02-20,,,,,,,,292,294,292,293,356,356,356,294,358,358,292,358,292,326,9,9,294
2021-02-21,313,294,,,,,,,,,,,,,,,,,,,,,,
2021-02-22,,,,,,292,,292,358,292,294,358,294,358,,294,294,358,294,294,294,294,294,358
2021-02-23,292,,,,,,,,,,,,,,,,,,,294,294,294,294,358
2021-02-24,294,294,,,,356,,294,294,294,301,297,293,292,,294,294,294,292,358,358,358,294,2
2021-02-25,292,,,294,,294,294,,358,358,294,294,358,,6,146,147,160,358,358,358,358,294,160
2021-02-26,358,160,,,,,292,292,294,292,356,292,438,,19,38,22,19,19,154,19,130,22,38
2021-02-27,38,294,130,,,,,292,292,292,292,301,294,294,19,2,130,19,146,146,154,146,128,128
2021-02-28,128,146,,,,,,,,,,,,,,,,,,,,,,
2021-03-01,,,,,,,358,356,356,358,358,358,358,358,294,36,36,358,358,358,294,294,294,294
2021-03-02,6,,,,,,,,,,,,,,,,,,294,294,294,,,
2021-03-03,,,,,294,356,356,358,358,358,301,358,358,356,,,294,36,,294,294,292,6,6
2021-03-04,36,,,,,,,,,,,,,,49,358,294,358,294,294,292,294,294,294
2021-03-05,294,22,,,184,184,19,185,358,147,184,358,422,292,,,294,294,294,294,358,292,294,326
2021-03-06,294,,,,,,294,358,358,294,292,294,292,38,292,294,294,294,358,294,6,358,6,326
2021-03-07,262,294,,358,294,294,358,358,292,292,292,294,294,,,,,,,,,,,
2021-03-08,,,,,,294,294,176,176,313,313,184,57,317,,130,146,146,6,147,6,6,25,18
2021-03-09,147,146,,,,,,,,,,,,,,,,,,,,,,
2021-03-10,,,,,,292,292,292,358,292,292,356,292,358,358,358,294,294,1,358,297,294,358,358
2021-03-11,292,,,,,,,,,,,,,,,,,292,292,53,53,,292,36
2021-03-12,36,6,,16,16,16,,16,16,144,16,152,16,152,,4,0,0,16,1,1,24,24,24
2021-03-13,294,,,,294,38,294,358,292,40,24,294,293,,358,486,502,502,358,24,6,24,6,51
2021-03-14,292,294,,,358,294,294,292,358,292,294,292,312,6,294,6,294,6,6,6,6,294,38,38
2021-03-15,22,38,38,,294,292,292,294,292,358,292,358,292,293,,294,309,294,294,358,37,6,262,292
2021-03-16,292,38,18,,,,,,,,,,,,,,,,,,,,,
2021-03-17,,,292,358,294,358,292,292,358,358,294,358,294,292,294,358,294,294,294,358,294,294,294,358
2021-03-18,292,,,,,,,,,,,,,,,,,294,358,294,294,294,310,294
2021-03-19,294,38,,358,358,358,358,358,294,292,292,292,294,292,,294,358,358,358,294,294,358,358,358
2021-03-20,294,,,,,,,,,,,,,,,,294,294,358,294,358,294,294,294
2021-03-21,292,358,,358,,,294,294,9,358,293,294,292,17,146,138,152,16,16,16,17,19,17,154
2021-03-22,16,,,,144,294,294,6,144,294,294,294,294,51,294,294,6,294,292,440,154,294,150,294
2021-03-23,147,147,,,,,356,358,294,292,294,293,292,,,,,,38,6,6,18,6,294
2021-03-24,6,18,38,,36,4,4,37,176,176,1,9,24,1,176,19,16,19,19,19,17,144,0,17
2021-03-25,152,24,,,,,,,,,,,,,,,,,,,,,,
2021-03-26,,,,294,294,294,294,358,294,294,292,294,292,294,358,292,294,358,294,358,294,294,294,294
2021-03-27,294,,,,,,,,,,,,,,,6,16,16,6,6,,6,36,294
2021-03-28,56,1,,292,294,294,294,294,358,294,292,294,292,292,,,294,294,294,294,294,6,6,6
2021-03-29,6,,,,,,,,292,294,294,294,294,,6,144,6,6,,130,6,51,144,128
2021-03-30,18,18,,,6,358,292,49,294,294,358,293,292,,294,294,262,262,294,294,294,294,294,294
2021-03-31,358,358,358,,358,294,294,358,358,358,294,294,294,294,22,358,184,184,6,22,358,292,294,294
2021-04-01,292,292,292,,,,,,,,,,,,,,,,,,,,,
2021-04-02,,,356,356,356,294,294,292,292,297,49,294,17,310,,6,,,,6,6,6,6,6
2021-04-03,6,,,,,,,,,,,,,,,,,,6,262,262,294,6,6
2021-04-04,6,,,,358,358,358,358,294,358,358,358,358,356,,,,,,,6,6,6,6
2021-04-05,6,,,,,,,,,,,,,,,6,130,131,131,154,154,130,130,130
2021-04-06,128,130,294,294,294,294,292,292,292,49,36,147,313,146,6,19,6,6,6,6,146,262,294,154
2021-04-07,262,,,,,292,356,356,358,358,358,294,358,294,294,358,358,358,358,294,294,358,294,358
2021-04-08,358,294,,,292,294,292,292,292,292,313,356,292,,,,,,,,,,,
2021-04-09,18,18,17,,294,358,358,358,294,294,358,292,292,294,36,358,358,358,358,358,358,294,358,294
2021-04-10,294,358,,,,,,,,,,,,,,,,,,,,,,
2021-04-11,,,,,358,292,358,358,292,358,294,502,294,293,130,138,160,6,160,6,6,294,294,144
2021-04-12,130,,,,,,,,,,,,,,,,,,4,6,,4,6,6
2021-04-13,4,4,294,294,294,294,292,292,292,358,292,292,292,292,,,6,6,326,6,6,6,38,6
2021-04-14,4,,,,,,,146,,6,53,17,17,,130,138,138,130,146,154,154,19,138,138
2021-04-15,154,6,,,,144,,152,128,128,128,144,176,136,144,144,128,144,138,138,130,16,176,144
2021-04-16,144,128,130,,,36,19,358,55,4,16,144,0,0,,1,17,292,292,41,24,9,1,18
2021-04-17,128,128,64,,,,,,,,,,,,,,,,,,,,,
2021-04-18,,,4,292,356,358,358,358,294,358,294,292,294,358,2,6,70,18,6,6,6,19,147,6
2021-04-19,6,,,,,,,,,,,,,,,,,,,,,,,
2021-04-20,,,,,356,356,294,294,358,358,358,358,293,292,,326,294,294,294,358,358,358,358,358
2021-04-21,38,,,,,,,,,,,,,,,294,36,262,294,36,294,6,326,70
2021-04-22,294,358,,,,,,294,358,358,292,294,358,292,128,130,146,146,18,146,147,147,22,6
2021-04-23,6,,,,294,6,36,17,154,146,4,358,294,358,358,6,358,294,6,294,294,358,358,6
2021-04-24,358,152,,294,,292,,294,294,358,292,294,292,,,,,,,,,,,
2021-04-25,6,6,6,,,,292,294,358,358,294,292,358,358,19,38,38,55,6,6,19,38,358,19
2021-04-26,18,18,,,,,,,,,,,,,,,,,,,,,,
2021-04-27,,,1,9,9,9,9,16,16,16,288,40,0,16,128,154,152,152,22,18,358,128,17,358
2021-04-28,128,,,,,,,,,,,,,,,,16,2,19,18,6,,6,6
2021-04-29,48,6,,,,,294,358,294,294,358,294,294,294,1,2,19,2,6,6,19,146,176,176
2021-04-30,18,,,,,6,294,294,294,294,6,6,6,,,17,17,24,2,2,16,6,6,4
2021-05-01,17,6,,,,,,294,38,294,294,38,358,,,,6,6,,6,6,6,6,6
2021-05-02,6,6,6,,16,294,294,294,294,19,152,184,144,16,358,294,358,358,294,294,358,358,260,294
2021-05-03,294,294,,,,,,,,,,,,,,,,,,,,,,
2021-05-04,,,,358,294,294,294,358,294,292,358,262,358,358,,,,,,6,326,6,38,38
2021-05-05,38,,,,,,,,,,,,,,,,,,,,,146,6,
2021-05-06,146,146,,,,358,358,294,294,294,294,292,292,294,,6,6,2,2,4,6,4,6,6
2021-05-07,1,,,,,,,,,,,,,,,0,4,24,24,24,24,24,24,0
2021-05-08,6,6,,358,,358,358,358,358,294,292,294,292,358,358,358,294,294,294,358,294,294,6,294
2021-05-09,294,,,,294,294,294,294,294,294,294,310,358,294,,358,358,358,358,294,358,6,49,292
2021-05-10,326,294,,,358,292,294,294,358,294,294,294,358,,,,,,,,,48,6,38
2021-05-11,38,38,38,,,294,294,294,358,294,294,294,294,358,294,294,294,358,358,294,294,294,358,358
2021-05-12,358,358,,,,,,,,,,,,,,,,,,,,,,
2021-05-13,,,294,294,358,294,358,358,292,292,356,356,358,294,,6,6,1,6,6,0,2,4,0
2021-05-14,0,,,,,,,,,,,,,,,,,0,6,128,147,147,1,1
2021-05-15,18,17,,,,,24,144,24,144,49,53,53,1,,2,2,17,17,18,19,18,152,128
2021-05-16,144,,,,294,38,38,294,294,294,294,294,294,,294,294,358,358,294,358,294,294,262,262
2021-05-17,358,294,,294,358,294,358,294,292,358,358,294,301,,294,38,6,294,294,6,6,6,6,294
2021-05-18,294,294,294,,,,,358,294,358,358,294,294,294,6,6,6,6,2,6,6,294,6,294
2021-05-19,358,6,,,,,,,,,,,,,,,,,,,,,,
2021-05-20,,,,,292,294,358,294,294,358,292,292,294,294,6,262,326,6,6,326,6,6,326,326
2021-05-21,6,,,,,,,,,,,,,,,,144,154,154,,152,153,144,144
2021-05-22,,,,,25,,152,184,144,25,294,19,24,262,,19,6,144,144,144,6,6,6,6
2021-05-23,6,,,,,,,,,,,,,,,262,6,6,6,262,6,6,6,358
2021-05-24,294,,,,38,6,294,358,294,294,294,154,154,155,,18,138,18,18,18,6,6,147,147
2021-05-25,18,,,,,294,294,,294,358,294,294,294,294,,294,294,358,,358,294,358,294,294
2021-05-26,294,294,,,,,294,294,293,293,292,292,294,,,,,,,,,,,
2021-05-27,,,,,,,17,17,17,18,9,2,24,18,24,6,6,6,326,18,144,130,6,6
2021-05-28,6,18,,,,,,,,,,,,,,,,,,,,,,
2021-05-29,,,,358,294,294,292,292,294,294,294,294,292,293,70,70,70,2,,6,6,6,2,6
2021-05-30,2,,,,,,,,,,,,,,,,,,,128,,128,128,138
2021-05-31,128,128,,17,294,294,292,6,6,358,358,358,358,358,,,6,6,262,6,6,6,6,6
2021-06-01,6,,,38,6,6,6,6,6,6,6,294,358,,,,,1,1,4,24,144,144,138
2021-06-02,1,1,,,,,294,358,294,292,294,176,146,,,,6,19,,152,152,6,6,6
2021-06-03,6,22,6,,,144,144,144,16,144,152,144,146,144,,,,128,16,128,147,130,128,2
2021-06-04,128,24,,,,,,,,,,,,,,,,,,,,,,
2021-06-05,,,,,,294,294,292,294,292,294,358,294,358,6,6,6,6,2,70,2,6,6,2
2021-06-06,2,,,,,,,,,,,,,,,6,70,2,4,4,6,6,2,2
2021-06-07,6,6,292,294,6,358,293,358,358,16,17,6,18,309,294,358,358,358,358,326,326,326,326,358
2021-06-08,6,,,,,,,,,,,,,,,128,130,130,147,146,147,138,130,130
2021-06-09,130,6,,,292,36,36,294,292,358,358,292,292,294,,4,6,,,19,,16,6,6
2021-06-10,16,,,,,292,294,294,6,38,294,294,38,294,4,6,6,6,326,326,326,326,326,326
2021-06-11,358,70,,,292,,294,294,294,292,294,326,294,,,,,,,,,,,
2021-06-12,,,,,,,294,294,294,294,294,294,294,294,,6,6,6,6,144,19,1,1,128
2021-06-13,144,130,,,,,,,,,,,,,,,,,,,,,,
2021-06-14,,,,358,358,358,294,294,292,294,294,294,262,292,,6,2,18,25,19,1,144,152,17
2021-06-15,1,,,,,,,,,,,,,,,,4,1,6,1,0,0,2,1
2021-06-16,17,1,,294,294,358,294,294,294,294,150,358,309,22,4,4,6,6,6,4,4,0,4,0
2021-06-17,1,,,,,294,294,294,294,358,358,358,358,,6,262,262,4,6,4,4,4,4,4
2021-06-18,0,4,,358,358,294,292,294,294,292,358,356,294,,,,4,4,,,,4,4,6
2021-06-19,4,4,0,,,294,294,358,294,358,294,294,294,294,,,,,70,70,70,6,6,4
2021-06-20,6,6,,,,,,,,,,,,,,,,,,,,,,
2021-06-21,,,,,,2,24,152,152,1,22,6,6,49,1,146,146,2,147,144,152,146,214,147
2021-06-22,144,,,,,,,,,,,,,,,,,,,,,,0,1
2021-06-23,1,1,,,,18,24,24,24,6,326,293,293,24,,1,16,16,18,24,16,144,24,144
2021-06-24,24,,,,,,,,,,,,,,,24,24,16,1,,16,1,1,1
2021-06-25,2,24,,,,6,4,24,24,1,18,6,262,294,1,17,0,0,4,0,19,1,0,19
2021-06-26,2,,,,0,,294,294,294,6,6,294,294,294,,6,6,6,6,4,326,6,326,6
2021-06-27,2,147,,1,56,1,294,292,1,4,24,57,24,,,,,,,,,,,
2021-06-28,,,,,144,144,144,144,144,176,144,144,144,144,1,144,24,152,128,19,152,73,128,73
2021-06-29,2,9,,,,,,,,,,,,,,,,,,,,,,
2021-06-30,,,,,24,24,16,9,17,17,24,1,1,24,,,,176,176,176,432,304,432,432
2021-07-01,144,,,,,,,,,,,,,,,,,,,,,,,
2021-07-02,,152,,,,,17,152,152,,,152,24,19,,,144,,144,144,,154,0,0
2021-07-03,144,,,144,,128,128,144,144,144,,9,33,,,,,,24,,16,,16,24
2021-07-04,24,24,,,,,128,18,146,24,24,17,17,,,17,17,,,,24,16,,24
2021-07-05,16,19,,,,,,144,144,144,144,144,48,48,,24,,,,17,18,,,17
2021-07-06,17,24,,,,,,,,,,,,,,,,,,,,,,
2021-07-07,,,,,17,2,2,2,0,17,0,0,0,0,17,19,17,18,24,25,17,24,24,0
2021-07-08,24,,,,,,,,,,,,,,,,,1,1,,1,1,1,1
2021-07-09,,16,,,294,358,358,358,294,358,358,358,326,358,1,2,2,6,1,6,6,17,6,1
2021-07-10,17,,,,,,,,,,,,,,,1,6,6,4,4,4,6,6,0
2021-07-11,0,1,152,146,146,6,146,128,144,130,130,128,128,294,,0,6,2,24,1,1,1,1,24
2021-07-12,6,,,,,,138,130,130,130,130,144,130,144,24,17,17,17,17,24,24,17,17,24
2021-07-13,16,24,,,,,294,294,6,292,292,294,292,,,,,,,,,,,17
2021-07-14,0,17,24,,6,294,6,292,294,38,38,6,358,260,,2,2,2,,2,6,2,6,6
2021-07-15,17,17,,,,,,,,,,,,,,,,,,,,,,
2021-07-16,,,,,,,,144,1,6,6,4,152,144,,2,6,2,2,1,1,,24,2
2021-07-17,1,,,,,,,,,,,,,,,,,,16,16,,1,24,16
2021-07-18,16,,,,24,,,24,18,18,147,18,18,152,,,16,128,128,24,18,130,138,144
2021-07-19,147,,,,,17,17,17,19,19,17,17,17,,128,144,176,128,144,154,128,147,144,144
2021-07-20,9,152,,,56,24,16,17,24,24,17,17,17,,,2,19,16,24,24,1,16,24,1
2021-07-21,24,0,0,,,358,6,294,6,358,358,292,294,6,,0,0,0,6,1,2,4,6,0
2021-07-22,2,2,294,,,,,,,,,,,,,,,,,,,,,
2021-07-23,,,,,,,6,6,262,262,294,16,25,37,24,16,16,16,16,2,2,17,2,2
2021-07-24,17,,,,,,,,,,,,,,,,,,,,138,128,128,128
2021-07-25,128,,,,,24,24,24,0,144,144,144,144,144,,,24,24,24,24,16,24,24,24
2021-07-26,24,,,,,,,,,,,,,,,,128,138,,,,128,,24
2021-07-27,24,24,,,9,,,24,1,1,1,16,262,,,,,,,,,0,,0
2021-07-28,1,,,,,,,6,38,294,294,6,2,2,19,16,144,144,24,6,24,24,144,1
2021-07-29,25,6,,,24,1,16,6,16,16,1,16,0,,,,,,,17,17,24,24,
2021-07-30,,,,,,,1,6,6,6,4,4,6,6,1,0,0,0,24,24,17,1,24,17
2021-07-31,17,1,,,,,,,,,,,,,,,,,,,,,,
2021-08-01,,,,,,0,0,0,25,144,1,1,2,6,,17,16,16,24,152,24,25,152,152
2021-08-02,144,,,,,,,,,,,,,,,,,16,,24,24,16,16,16
2021-08-03,16,24,,130,152,152,144,144,144,144,1,1,1,17,,,16,,16,16,16,16,16,16
2021-08-04,24,,,,,,1,1,,24,1,1,2,,24,24,16,144,146,144,16,19,144,24
2021-08-05,18,24,,294,294,38,0,6,9,294,0,0,1,,,0,0,1,1,16,16,0,24,24
2021-08-06,17,24,24,,,294,294,294,294,294,358,294,326,358,,1,2,2,2,2,,6,0,2
2021-08-07,1,0,,,,,,,,,,,,,,,,,,,,,,
2021-08-08,,,,,,,18,6,37,184,154,154,144,25,,0,2,2,17,24,19,17,16,2
2021-08-09,1,,,,,,,,,,,,,,,,,,,,1,1,1,
2021-08-10,1,1,,,,,,144,144,144,144,24,144,154,,292,1,1,,19,,1,260,4
2021-08-11,292,,,,,,,,,,,,,,,,24,16,16,144,144,24,16,16
2021-08-12,16,16,,1,324,1,9,1,0,41,9,1,17,24,144,144,16,24,24,24,16,16,9,9
2021-08-13,138,,,,,,,4,9,1,1,24,1,1,,,144,,16,144,144,16,16,16
2021-08-14,129,16,,1,1,24,24,19,144,19,144,24,0,,,,,,,,,,,
2021-08-15,,,,,,,144,176,144,288,288,144,144,144,24,16,16,128,128,144,147,147,153,152
2021-08-16,152,144,,,,,,,,,,,,,,,,,,,,,,
2021-08-17,,,,,,24,4,4,16,16,25,73,0,153,,24,24,2,17,24,24,24,17,17
2021-08-18,17,,,,,,,,,,,,,,,,,,16,24,,24,17,17
2021-08-19,24,16,0,,,6,6,1,1,6,292,260,292,2,,17,2,24,24,,,24,24,24
2021-08-20,24,,,,128,,,130,130,130,,144,154,,,,,,,1,,,,0
2021-08-21,0,0,,154,,,57,147,152,146,146,146,25,,1,24,16,24,16,16,16,16,16,24
2021-08-22,16,16,128,,,147,147,17,17,17,17,152,1,2,,144,144,24,24,24,24,24,24,17
2021-08-23,144,24,,,,,,,,,,,,,,,,,,,,,,
2021-08-24,,,,,,144,,147,155,17,152,154,154,154,24,24,2,17,2,2,0,2,19,25
2021-08-25,24,,,,,,,,,,,,,,,,,1,2,1,1,24,24,
2021-08-26,,24,,,358,294,358,292,292,294,358,294,294,358,,6,1,1,2,24,24,24,24,24
2021-08-27,24,,,,,,,,,,,,,,,,1,144,16,16,24,24,24,147
2021-08-28,24,16,,,4,4,294,292,36,260,292,292,6,294,,,,16,24,19,24,17,16,24
2021-08-29,24,,,,,,6,38,4,6,294,6,4,6,24,24,0,19,144,2,2,1,17,8
2021-08-30,16,16,,,,,294,1,33,294,294,6,4,,,,,,,,,,,
2021-08-31,,,,,,,2,,6,6,1,1,1,1,,144,19,19,,16,144,144,144,152
2021-09-01,17,17,,,,,,,,,,,,,,,,,,,,,,
2021-09-02,,,,,,,24,24,152,152,16,152,128,24,,,,16,,24,24,24,24,16
2021-09-03,24,,,,,,,,,,,,,,,,,,,,,16,16,144
2021-09-04,144,144,,,,,6,6,6,0,6,6,6,6,,,130,,,,146,146,,2
2021-09-05,24,,,,,,,,,,2,18,6,,288,,147,24,176,144,176,146,144,432
2021-09-06,144,176,,,25,1,1,0,1,4,6,24,0,,,,,,,,,,,
2021-09-07,,,,,,,,,294,294,294,6,294,294,,1,1,1,0,0,0,24,2,2
2021-09-08,1,1,,,,,,,,,,,,,,,,,,,,,,
2021-09-09,,,,294,,326,358,294,358,358,358,358,294,294,1,2,2,6,6,6,6,17,0,2
2021-09-10,2,,,,,,,,,,,,,,,,,,,,,,,
2021-09-11,,,,,,,358,358,294,358,294,358,294,358,6,,262,262,,294,6,262,4,4
2021-09-12,4,,,,,,,,,,,,,,,,4,6,36,36,6,6,6,4
2021-09-13,4,4,,,294,294,358,294,294,292,292,294,358,358,,,,,,,4,6,6,
2021-09-14,4,,,,,,294,294,294,294,,294,294,294,,,,,,,6,6,6,6
2021-09-15,1,4,,,,,,294,294,294,292,292,292,,,,,,,,,,,
2021-09-16,,,17,,,,6,17,17,1,16,294,294,4,,9,0,0,0,17,6,0,6,24
2021-09-17,24,6,,,,,,,,,,,,,,,,,,,,,,
2021-09-18,,,,294,294,294,294,358,358,358,294,294,294,294,,,6,0,6,6,1,24,24,1
2021-09-19,17,,,,,,,,,,,,,,,,,,,0,0,0,0,2
2021-09-20,6,24,,33,6,6,292,292,6,4,1,41,6,292,,0,6,6,6,6,6,6,6,6
2021-09-21,6,,,144,154,154,138,130,128,128,128,128,144,,0,6,6,6,6,6,144,144,4,128
2021-09-22,16,147,,292,292,294,294,294,294,18,358,38,294,,,,128,,,,128,128,130,130
2021-09-23,144,144,16,128,130,131,131,146,17,130,25,0,17,17,,,,,,24,128,18,18,144
2021-09-24,144,24,,,,,,,,,,,,,,,,,,,,,,
2021-09-25,,,,,,,,,152,,24,1,24,24,,176,176,144,144,144,144,152,128,128
2021-09-26,128,,,,,,,,,,,,,,,,,,,24,24,,,24
2021-09-27,,17,,,,,,,1,6,6,1,6,292,,2,17,2,2,6,6,1,1,24
2021-09-28,0,,,,,,,,,,,,,,,0,16,0,1,0,17,1,17,17
2021-09-29,24,17,,294,358,358,294,294,1,294,358,294,294,294,1,6,6,,,0,,,,
2021-09-30,0,,,,,,,144,,144,176,16,9,48,147,144,146,146,24,144,9,1,176,176
2021-10-01,24,24,,,,4,0,0,0,0,0,0,24,,,,,,,,,,,
2021-10-02,,,,,,,,,,294,358,294,358,294,,1,17,17,6,17,4,6,6,2
2021-10-03,18,9,,,,,,,,,,,,,,,,,,,,,,
2021-10-04,,,,,,,,,,,,,,,,6,0,6,6,6,16,17,24,1
2021-10-05,6,,,,,,,,,,,,,,,,,,,1,0,1,1,1
2021-10-06,1,24,17,0,17,1,0,1,0,16,24,1,147,138,,,,6,1,,0,1,1,6
2021-10-07,6,,,,,,,,,294,294,294,294,,,,16,8,18,128,18,,8,8
2021-10-08,0,8,,,,,,154,,128,144,128,144,,0,6,6,,0,0,,17,0,1
2021-10-09,1,24,19,,,,,294,294,292,358,294,358,294,294,37,326,37,36,6,6,6,6,262
2021-10-10,260,260,294,,,,,,,,,,,,,,,,,,,,,
2021-10-11,,,,,,,,,,,,,,,6,294,294,4,1,4,1,4,292,6
2021-10-12,324,4,38,,,,,,,,,,,,,,502,447,447,438,502,406,38,438
2021-10-13,438,502,6,1,6,22,438,502,6,,,294,438,36,6,38,38,,6,4,,38,1,38
2021-10-14,6,,,,,,,,,,,,,,,294,294,358,294,294,294,294,294,262
2021-10-15,294,294,,,297,294,358,358,358,294,292,486,486,358,,,,,294,294,36,294,38,6
2021-10-16,36,,,,,,358,294,294,294,292,292,294,294,4,4,4,33,0,0,1,17,4,16
2021-10-17,128,144,,294,294,292,292,294,36,17,17,49,292,,,,,,,,,,,
2021-10-18,1,1,1,1,1,17,17,1,17,24,24,24,17,17,6,6,6,49,6,4,4,4,4,6
2021-10-19,6,6,6,,,,,,,,,,,,,,,,,,,,,
2021-10-20,,,,,,,,,,,,,,,,,38,36,36,,294,294,294,36
2021-10-21,358,,,,,,,,,,,,,,,,,,,,6,,4,
2021-10-22,,6,,,17,2,17,17,293,17,17,1,358,358,,,,1,,0,2,1,1,0
2021-10-23,17,,,292,,,294,294,294,294,262,262,262,,38,294,294,38,36,36,294,294,36,36
2021-10-24,36,294,,,,,294,358,358,292,294,292,294,,,6,6,,,4,4,6,6,6
2021-10-25,4,4,4,,,,,,,294,292,294,292,294,,294,,,294,294,294,262,262,294
2021-10-26,294,36,,,,,,,,,,,,,,,,,,,,,,
2021-10-27,,,,292,358,358,294,292,292,358,292,292,294,292,294,292,294,294,358,358,294,358,294,294
2021-10-28,294,,,,,,,,,,,,,,,,,,294,294,,292,292,294
2021-10-29,,,,,358,358,358,301,301,358,292,294,294,292,,,,294,294,294,294,292,292,292
2021-10-30,4,,,,,,,,,,,,,,,294,292,294,292,294,294,294,294,294
2021-10-31,294,294,294,,,294,294,,294,294,294,358,294,358,,,,144,,19,19,4,4,36
2021-11-01,36,,6,,,,,,358,294,292,294,358,292,,18,18,,152,6,6,18,17,19
2021-11-02,128,128,,,,,,,,,,,,,,,,,,,,,,
2021-11-03,,152,2,,,,,,294,262,294,294,6,6,,294,36,36,294,358,4,326,326,262
2021-11-04,293,4,,,,,,,,,,,,,,,,,,,,,,
2021-11-05,,,,,294,,358,358,,294,294,358,294,292,,38,,294,294,36,294,294,36,36
2021-11-06,292,,,,,,,,,,,,,,,,,,,,,,,
2021-11-07,294,292,,,,,358,294,294,294,317,293,292,293,,,,38,,6,6,6,262,262
2021-11-08,294,,,,,,,,,,,6,294,294,,144,,,154,,144,144,144,144
2021-11-09,144,144,,,,,294,358,294,294,292,358,292,,,6,,,36,6,6,6,6,6
2021-11-10,2,2,6,,,37,37,37,294,294,294,294,292,292,38,294,294,294,294,38,38,38,326,326
2021-11-11,326,294,,,,,,,,,,,,,,,,,,,,,,
2021-11-12,,,,,,292,,294,292,294,358,294,294,292,,,294,358,294,294,294,292,294,294
2021-11-13,294,,,,,,,,,,,,,,,,,38,,294,,,,
2021-11-14,294,,,,,292,292,,292,292,358,293,356,358,,,294,,294,294,294,,294,294
2021-11-15,294,,,,,,,,,,,,,,,292,,,294,,,294,292,294
2021-11-16,292,294,,,294,,292,358,358,358,294,356,294,301,292,294,294,,,294,294,294,294,294
2021-11-17,294,,292,,,,294,49,49,49,49,294,358,292,18,,,154,144,184,22,38,154,292
2021-11-18,128,147,,,,,,,,,,,,,,,,,,,,,,
2021-11-19,6,6,38,,19,,17,294,19,24,294,25,292,294,,,294,294,294,36,262,294,262,262
2021-11-20,37,294,,,,,,,,,,,,,,,,,,,,,,
2021-11-21,,,,,,9,49,294,294,294,486,439,511,486,154,155,155,155,144,130,128,144,146,138
2021-11-22,138,,,,,,,,,,,,,,,,,,,153,,,,153
2021-11-23,153,153,,,,,38,294,297,144,154,19,153,294,,,,36,144,144,6,18,24,24
2021-11-24,4,,,16,24,24,24,24,17,24,152,16,16,24,1,6,6,6,33,33,9,4,294,4
2021-11-25,4,6,,24,24,24,144,16,24,24,1,25,25,,41,49,17,1,25,17,17,0,0,152
2021-11-26,152,16,16,,,,,294,292,292,292,292,292,292,,,,,,,,,152,144
2021-11-27,,56,,,,,,,,,,,,,,,,,,,,,,
2021-11-28,,,,,,294,358,358,358,358,358,358,294,294,,,,294,,,,292,,294
2021-11-29,294,,,,,,,,,,,,,,,,,,,292,,,,
2021-11-30,,,,,,,294,,292,,294,294,16,24,294,294,294,294,294,358,262,262,6,358
2021-12-01,358,,,,,,,,,,,,,,,152,,,152,152,,144,144,
2021-12-02,,154,,,,,,,,311,311,294,294,358,176,,6,,,154,6,,1,24
2021-12-03,152,154,154,,,,294,,294,294,292,294,294,294,4,294,294,,293,294,294,,294,38
2021-12-04,262,,,,,,,,,,,,,,,,,,,,,,,
2021-12-05,,,,,,6,,,17,17,294,358,358,294,,294,358,358,292,358,294,292,292,294
2021-12-06,292,294,,,,,,,,,,,,,,,,,,,,,,
2021-12-07,,,,,293,293,294,294,152,294,54,358,152,294,,6,22,22,22,22,22,6,6,138
2021-12-08,147,,,,,,,,,,,,,,,,,,,,,,,
2021-12-09,,,,38,38,294,294,358,292,265,294,293,179,152,,24,17,128,6,25,152,152,25,25
2021-12-10,25,,,4,260,4,36,36,41,292,0,25,4,25,38,6,294,294,294,294,294,317,6,294
2021-12-11,6,310,,292,,356,356,358,294,292,292,292,293,,,,,,,,,294,294,294
2021-12-12,,294,294,,,,,,292,292,294,292,294,294,,,,,292,294,294,294,358,294
2021-12-13,292,294,,,,,,,,,,,,,,,,,,,,,,
2021-12-14,,,294,,,,294,294,301,292,294,297,292,292,17,24,24,24,24,17,16,24,2,17
2021-12-15,17,,,,,,,,,,,,,,,,,38,38,38,,294,294,294
2021-12-16,38,38,,,,294,,358,356,358,294,293,294,301,,152,,146,152,154,146,146,152,144
2021-12-17,176,,,,,,,,,,,,,,,,,,,,,,,
2021-12-18,,,,292,292,294,292,358,358,358,294,294,294,294,,144,176,176,16,19,16,24,24,17
2021-12-19,17,17,17,,,,,,1,1,,,1,4,,,,,,,,,,
2021-12-20,,,,,,,,,,,,,,,,,,,,,,,,
2021-12-21,,,,,,,,309,,292,356,356,358,358,292,,,294,294,294,294,294,294,294
2021-12-22,293,292,,,,,,,,,,,,,,,,,,,,,,
2021-12-23,,,,,294,,292,294,301,294,19,146,24,18,38,38,38,38,25,25,9,9,17,152
2021-12-24,152,,,,,,,,,,,,,,,,,,,,,,,
2021-12-25,,6,,356,294,358,292,292,292,292,294,356,356,292,6,16,17,24,25,25,16,1,1,1
2021-12-26,24,,,,,,18,18,18,16,16,24,1,2,18,16,24,24,1,36,4,1,17,24
2021-12-27,24,24,,,,358,294,294,294,297,294,358,294,18,128,0,128,1,1,1,4,152,152,24
2021-12-28,48,16,152,,,,292,294,294,294,1,358,358,358,,,,,,,,,,
2021-12-29,,,16,,,,,,,,,,,,,,,,,,,,,
2021-12-30,,,,,,294,,,,294,294,358,294,324,,1,41,41,9,9,9,1,1,2
2021-12-31,2,,,,,,,,,,,,,,,,,,,,,,,
